sentence,translated,gematria_sum
ᚩᚠ-ᚦᛖ-ᛈᚱᛁᛗᛖᚢᚪᛚ-ᛈᚱᛁᛖᛋᛏᛋ-ᚪᛋᛋᚢᛗᛞ-ᛈᚩᚹᛖᚱ,OF THE PRIMEUAL PRIESTS ASSUMD POWER,1307
ᚹᚻᛖᚾ-ᛖᛏᛖᚱᚾᚪᛚᛋ-ᛋᛈᚢᚱᚾᛞ-ᛒᚪᚳᚳ-ᚻᛁᛋ-ᚱᛖᛚᛁᚷᛡᚾ,WHEN ETERNALS SPURND BAKK HIS RELIGIAN,1448
ᚪᚾᛞ-ᚷᚪᚢᛖ-ᚻᛁᛗ-ᚪ-ᛈᛚᚪᚳᛖ-ᛁᚾ-ᚦᛖ-ᚾᚩᚱᚦ,AND GAUE HIM A PLAKE IN THE NORTH,1098
ᚩᛒᛋᚳᚢᚱᛖ-ᛋᚻᚪᛞᚩᚹᚣ-ᚢᚩᛁᛞ-ᛋᚩᛚᛁᛏᚪᚱᚣ,OBSKURE SHADOWY UOID SOLITARY,1170
ᛖᛏᛖᚱᚾᚪᛚᛋ-ᛁ-ᚻᛠᚱ-ᚣᚩᚢᚱ-ᚳᚪᛚᛚ-ᚷᛚᚪᛞᛚᚣ,ETERNALS I HEAR YOUR KALL GLADLY,1462
ᛞᛁᚳᛏᚪᛏᛖ-ᛋᚹᛁᚠᛏ-ᚹᛝᛖᛞ-ᚹᚩᚱᛞᛋ-ᚪᚾᛞ-ᚠᛠᚱ-ᚾᚩᛏ,DIKTATE SWIFT WINGED WORDS AND FEAR NOT,1444
ᛏᚩ-ᚢᚾᚠᚩᛚᛞ-ᚣᚩᚢᚱ-ᛞᚪᚱᚳ-ᚢᛁᛋᛡᚾᛋ-ᚩᚠ-ᛏᚩᚱᛗᛖᚾᛏ,TO UNFOLD YOUR DARK UISIANS OF TORMENT,1191
ᛚᚩ-ᚪ-ᛋᚻᚪᛞᚩᚹ-ᚩᚠ-ᚻᚩᚱᚱᚩᚱ-ᛁᛋ-ᚱᛁᛋᛖᚾ,LO A SHADOW OF HORROR IS RISEN,819
ᛁᚾ-ᛖᛏᛖᚱᚾᛁᛏᚣ-ᚢᚾᚳᚾᚩᚹᚾ-ᚢᚾᛈᚱᚩᛚᛁᚠᛁᚳ,IN ETERNITY UNKNOWN UNPROLIFIK,858
ᛋᛖᛚᚠ-ᚳᛚᚩᛋᛞ-ᚪᛚᛚ-ᚱᛖᛈᛖᛚᛚᛝ-ᚹᚻᚪᛏ-ᛞᛖᛗᚩᚾ,SELF KLOSD ALL REPELLING WHAT DEMON,1547
ᚻᚪᚦ-ᚠᚩᚱᛗᛞ-ᚦᛁᛋ-ᚪᛒᚩᛗᛁᚾᚪᛒᛚᛖ-ᚢᚩᛁᛞ,HATH FORMD THIS ABOMINABLE UOID,1118
ᚦᛁᛋ-ᛋᚩᚢᛚ-ᛋᚻᚢᛞᛞᚱᛝ-ᚢᚪᚳᚢᚢᛗ-ᛋᚩᛗᛖ-ᛋᚪᛁᛞ,THIS SOUL SHUDDRING UAKUUM SOME SAID,1230
ᛁᛏ-ᛁᛋ-ᚢᚱᛁᛋᛖᚾ-ᛒᚢᛏ-ᚢᚾᚳᚾᚩᚹᚾ-ᚪᛒᛋᛏᚱᚪᚳᛏᛖᛞ,IT IS URISEN BUT UNKNOWN ABSTRAKTED,1226
ᛒᚱᚩᚩᛞᛝ-ᛋᛖᚳᚱᛖᛏ-ᚦᛖ-ᛞᚪᚱᚳ-ᛈᚩᚹᛖᚱ-ᚻᛁᛞ,BROODING SEKRET THE DARK POWER HID,1096
ᛏᛁᛗᛖᛋ-ᚩᚾ-ᛏᛁᛗᛖᛋ-ᚻᛖ-ᛞᛁᚢᛁᛞᛖᛞ-ᚪᚾᛞ-ᛗᛠᛋᚢᚱᛞ,TIMES ON TIMES HE DIUIDED AND MEASURD,1638
ᛋᛈᚪᚳᛖ-ᛒᚣ-ᛋᛈᚪᚳᛖ-ᛁᚾ-ᚻᛁᛋ-ᚾᛁᚾᛖᚠᚩᛚᛞ-ᛞᚪᚱᚳᚾᛖᛋᛋ,SPAKE BY SPAKE IN HIS NINEFOLD DARKNESS,1616
ᚢᚾᛋᛖᛖᚾ-ᚢᚾᚳᚾᚩᚹᚾ-ᚳᚻᚪᛝᛖᛋ-ᚪᛈᛈᛠᚱᛞ,UNSEEN UNKNOWN KHAINGES APPEARD,1101
ᛁᚾ-ᚻᛁᛋ-ᛞᛖᛋᚩᛚᚪᛏᛖ-ᛗᚩᚢᚾᛏᚪᛁᚾᛋ-ᚱᛁᚠᛏᛖᛞ-ᚠᚢᚱᛡᚢᛋ,IN HIS DESOLATE MOUNTAINS RIFTED FURIAUS,1496
ᛒᚣ-ᚦᛖ-ᛒᛚᚪᚳᚳ-ᚹᛁᚾᛞᛋ-ᚩᚠ-ᛈᛖᚱᛏᚢᚱᛒᚪᛏᛡᚾ,BY THE BLAKK WINDS OF PERTURBATIAN,1270
ᚠᚩᚱ-ᚻᛖ-ᛋᛏᚱᚩᚢᛖ-ᛁᚾ-ᛒᚪᛏᛏᛚᛖᛋ-ᛞᛁᚱᛖ,FOR HE STROUE IN BATTLES DIRE,1037
ᛁᚾ-ᚢᚾᛋᛖᛖᚾ-ᚳᚩᚾᚠᛚᛁᚳᛏᛡᚾᛋ-ᚹᛁᚦ-ᛋᚻᚪᛈᛖᛋ,IN UNSEEN KONFLIKTIANS WITH SHAPES,1115
ᛒᚱᛖᛞ-ᚠᚱᚩᛗ-ᚻᛁᛋ-ᚠᚩᚱᛋᚪᚳᛖᚾ-ᚹᛁᛚᛞᛖᚱᚾᛖᛋᛋ,BRED FROM HIS FORSAKEN WILDERNESS,1197
ᚩᚠ-ᛒᛠᛋᛏ-ᛒᛁᚱᛞ-ᚠᛁᛋᚻ-ᛋᛖᚱᛈᛖᚾᛏ-ᚪᚾᛞ-ᛖᛚᛖᛗᛖᚾᛏ,OF BEAST BIRD FISH SERPENT AND ELEMENT,1569
ᚳᚩᛗᛒᚢᛋᛏᛡᚾ-ᛒᛚᚪᛋᛏ-ᚢᚪᛈᚩᚢᚱ-ᚪᚾᛞ-ᚳᛚᚩᚢᛞ,KOMBUSTIAN BLAST UAPOUR AND KLOUD,1310
ᛞᚪᚱᚳ-ᚱᛖᚢᚩᛚᚢᛝ-ᛁᚾ-ᛋᛁᛚᛖᚾᛏ-ᚪᚳᛏᛁᚢᛁᛏᚣ,DARK REUOLUING IN SILENT AKTIUITY,1221
ᚢᚾᛋᛖᛖᚾ-ᛁᚾ-ᛏᚩᚱᛗᛖᚾᛏᛝ-ᛈᚪᛋᛋᛡᚾᛋ,UNSEEN IN TORMENTING PASSIANS,1125
ᚪᚾ-ᚪᚳᛏᛁᚢᛁᛏᚣ-ᚢᚾᚳᚾᚩᚹᚾ-ᚪᚾᛞ-ᚻᚩᚱᚱᛁᛒᛚᛖ,AN AKTIUITY UNKNOWN AND HORRIBLE,1150
ᚪ-ᛋᛖᛚᚠ-ᚳᚩᚾᛏᛖᛗᛈᛚᚪᛏᛝ-ᛋᚻᚪᛞᚩᚹ,A SELF KONTEMPLATING SHADOW,1177
ᛁᚾ-ᛖᚾᚩᚱᛗᚩᚢᛋ-ᛚᚪᛒᚩᚢᚱᛋ-ᚩᚳᚳᚢᛈᛁᛖᛞ,IN ENORMOUS LABOURS OKKUPIED,879
ᛒᚢᛏ-ᛖᛏᛖᚱᚾᚪᛚᛋ-ᛒᛖᚻᛖᛚᛞ-ᚻᛁᛋ-ᚢᚪᛋᛏ-ᚠᚩᚱᛖᛋᛏᛋ,BUT ETERNALS BEHELD HIS UAST FORESTS,1530
ᚪᚷᛖ-ᚩᚾ-ᚪᚷᛖᛋ-ᚻᛖ-ᛚᚪᚣ-ᚳᛚᚩᛋᛞ-ᚢᚾᚳᚾᚩᚹᚾ,AGE ON AGES HE LAY KLOSD UNKNOWN,1178
ᛒᚱᚩᚩᛞᛝ-ᛋᚻᚢᛏ-ᛁᚾ-ᚦᛖ-ᛞᛖᛖᛈ-ᚪᛚᛚ-ᚪᚢᚩᛁᛞ,BROODING SHUT IN THE DEEP ALL AUOID,1260
ᚦᛖ-ᛈᛖᛏᚱᛁᚠᛁᚳ-ᚪᛒᚩᛗᛁᚾᚪᛒᛚᛖ-ᚳᚻᚪᚩᛋ,THE PETRIFIK ABOMINABLE KHAOS,1116
ᚻᛁᛋ-ᚳᚩᛚᛞ-ᚻᚩᚱᚱᚩᚱᛋ-ᛋᛁᛚᛖᚾᛏ-ᛞᚪᚱᚳ-ᚢᚱᛁᛋᛖᚾ,HIS KOLD HORRORS SILENT DARK URISEN,1128
ᛈᚱᛖᛈᚪᚱᛞ-ᚻᛁᛋ-ᛏᛖᚾ-ᚦᚩᚢᛋᚪᚾᛞᛋ-ᚩᚠ-ᚦᚢᚾᛞᛖᚱᛋ,PREPARD HIS TEN THOUSANDS OF THUNDERS,1225
ᚱᚪᛝᛞ-ᛁᚾ-ᚷᛚᚩᚩᛗᛞ-ᚪᚱᚱᚪᚣ-ᛋᛏᚱᛖᛏᚳᚻ-ᚩᚢᛏ-ᚪᚳᚱᚩᛋᛋ,RAINGD IN GLOOMD ARRAY STRETKH OUT AKROSS,1507
ᚦᛖ-ᛞᚱᛠᛞ-ᚹᚩᚱᛚᛞ-ᚪᚾᛞ-ᚦᛖ-ᚱᚩᛚᛚᛝ-ᚩᚠ-ᚹᚻᛖᛖᛚᛋ,THE DREAD WORLD AND THE ROLLING OF WHEELS,1410
ᚪᛋ-ᚩᚠ-ᛋᚹᛖᛚᛚᛝ-ᛋᛠᛋ-ᛋᚩᚢᚾᛞ-ᛁᚾ-ᚻᛁᛋ-ᚳᛚᚩᚢᛞᛋ,AS OF SWELLING SEAS SOUND IN HIS KLOUDS,1324
ᛁᚾ-ᚻᛁᛋ-ᚻᛁᛚᛚᛋ-ᚩᚠ-ᛋᛏᚩᚱᛞ-ᛋᚾᚩᚹᛋ-ᛁᚾ-ᚻᛁᛋ-ᛗᚩᚢᚾᛏᚪᛁᚾᛋ,IN HIS HILLS OF STORD SNOWS IN HIS MOUNTAINS,1355
ᚩᚠ-ᚻᚪᛁᛚ-ᚪᚾᛞ-ᛁᚳᛖ-ᚢᚩᛁᚳᛖᛋ-ᚩᚠ-ᛏᛖᚱᚱᚩᚱ,OF HAIL AND IKE UOIKES OF TERROR,908
ᚪᚱᛖ-ᚻᛠᚱᛞ-ᛚᛁᚳᛖ-ᚦᚢᚾᛞᛖᚱᛋ-ᚩᚠ-ᚪᚢᛏᚢᛗᚾ,ARE HEARD LIKE THUNDERS OF AUTUMN,1119
ᚹᚻᛖᚾ-ᚦᛖ-ᚳᛚᚩᚢᛞ-ᛒᛚᚪᛋᛖᛋ-ᚩᚢᛖᚱ-ᚦᛖ-ᚻᚪᚱᚢᛖᛋᛏᛋ,WHEN THE KLOUD BLASES OUER THE HARUESTS,1325
ᛠᚱᚦ-ᚹᚪᛋ-ᚾᚩᛏ-ᚾᚩᚱ-ᚷᛚᚩᛒᛖᛋ-ᚩᚠ-ᚪᛏᛏᚱᚪᚳᛏᛡᚾ,EARTH WAS NOT NOR GLOBES OF ATTRAKTIAN,1254
ᚦᛖ-ᚹᛁᛚᛚ-ᚩᚠ-ᚦᛖ-ᛁᛗᛗᚩᚱᛏᚪᛚ-ᛖᛉᛈᚪᚾᛞᛖᛞ,THE WILL OF THE IMMORTAL EXPANDED,1297
ᚩᚱ-ᚳᚩᚾᛏᚱᚪᚳᛏᛖᛞ-ᚻᛁᛋ-ᚪᛚᛚ-ᚠᛚᛖᛉᛁᛒᛚᛖ-ᛋᛖᚾᛋᛖᛋ,OR KONTRAKTED HIS ALL FLEXIBLE SENSES,1555
ᛞᛠᚦ-ᚹᚪᛋ-ᚾᚩᛏ-ᛒᚢᛏ-ᛖᛏᛖᚱᚾᚪᛚ-ᛚᛁᚠᛖ-ᛋᛈᚱᚢᛝ,DEATH WAS NOT BUT ETERNAL LIFE SPRUING,1355
ᚦᛖ-ᛋᚩᚢᚾᛞ-ᚩᚠ-ᚪ-ᛏᚱᚢᛗᛈᛖᛏ-ᚦᛖ-ᚻᛠᚢᛖᚾᛋ,THE SOUND OF A TRUMPET THE HEAUENS,1028
ᚪᚹᚩᚳᛖ-ᚪᚾᛞ-ᚢᚪᛋᛏ-ᚳᛚᚩᚢᛞᛋ-ᚩᚠ-ᛒᛚᚩᚩᛞ-ᚱᚩᛚᛚᛞ,AWOKE AND UAST KLOUDS OF BLOOD ROLLD,1367
ᚱᚩᚢᚾᛞ-ᚦᛖ-ᛞᛁᛗ-ᚱᚩᚳᚳᛋ-ᚩᚠ-ᚢᚱᛁᛋᛖᚾ-ᛋᚩ-ᚾᚪᛗᛞ,ROUND THE DIM ROKKS OF URISEN SO NAMD,1048
ᚦᚪᛏ-ᛋᚩᛚᛁᛏᚪᚱᚣ-ᚩᚾᛖ-ᛁᚾ-ᛁᛗᛗᛖᚾᛋᛁᛏᚣ,THAT SOLITARY ONE IN IMMENSITY,1273
ᛋᚻᚱᛁᛚᛚ-ᚦᛖ-ᛏᚱᚢᛗᛈᛖᛏ-ᚪᚾᛞ-ᛗᚣᚱᛡᛞᛋ-ᚩᚠ-ᛖᛏᛖᚱᚾᛁᛏᚣ,SHRILL THE TRUMPET AND MYRIADS OF ETERNITY,1733
ᛗᚢᛋᛏᛖᚱ-ᚪᚱᚩᚢᚾᛞ-ᚦᛖ-ᛒᛚᛠᚳ-ᛞᛖᛋᚪᚱᛏᛋ,MUSTER AROUND THE BLEAK DESARTS,1257
ᚾᚩᚹ-ᚠᛁᛚᛚᛞ-ᚹᛁᚦ-ᚳᛚᚩᚢᛞᛋ-ᛞᚪᚱᚳᚾᛖᛋᛋ-ᚪᚾᛞ-ᚹᚪᛏᛖᚱᛋ,NOW FILLD WITH KLOUDS DARKNESS AND WATERS,1549
ᚦᚪᛏ-ᚱᚩᛚᛚᛞ-ᛈᛖᚱᛈᛚᛖᛉᛞ-ᛚᚪᛒᚱᛝ-ᚪᚾᛞ-ᚢᛏᛏᛖᚱᛞ,THAT ROLLD PERPLEXD LABRING AND UTTERD,1678
ᚹᚩᚱᛞᛋ-ᚪᚱᛏᛁᚳᚢᛚᚪᛏᛖ-ᛒᚢᚱᛋᛏᛝ-ᛁᚾ-ᚦᚢᚾᛞᛖᚱᛋ,WORDS ARTIKULATE BURSTING IN THUNDERS,1272
ᚦᚪᛏ-ᚱᚩᛚᛚᛞ-ᚩᚾ-ᚦᛖ-ᛏᚩᛈᛋ-ᚩᚠ-ᚻᛁᛋ-ᛗᚩᚢᚾᛏᚪᛁᚾᛋ,THAT ROLLD ON THE TOPS OF HIS MOUNTAINS,1179
ᚠᚱᚩᛗ-ᚦᛖ-ᛞᛖᛈᚦᛋ-ᚩᚠ-ᛞᚪᚱᚳ-ᛋᚩᛚᛁᛏᚢᛞᛖ-ᚠᚱᚩᛗ,FROM THE DEPTHS OF DARK SOLITUDE FROM,1112
ᚦᛖ-ᛖᛏᛖᚱᚾᚪᛚ-ᚪᛒᚩᛞᛖ-ᛁᚾ-ᛗᚣ-ᚻᚩᛚᛁᚾᛖᛋᛋ,THE ETERNAL ABODE IN MY HOLINESS,1366
ᚻᛁᛞᛞᛖᚾ-ᛋᛖᛏ-ᚪᛈᚪᚱᛏ-ᛁᚾ-ᛗᚣ-ᛋᛏᛖᚱᚾ-ᚳᚩᚢᚾᛋᛖᛚᛋ,HIDDEN SET APART IN MY STERN KOUNSELS,1565
ᚱᛖᛋᛖᚱᚢᛞ-ᚠᚩᚱ-ᚦᛖ-ᛞᚪᚣᛋ-ᚩᚠ-ᚠᚢᛏᚢᚱᛁᛏᚣ,RESERUD FOR THE DAYS OF FUTURITY,1015
ᛁ-ᚻᚪᚢᛖ-ᛋᚩᚢᚷᚻᛏ-ᚠᚩᚱ-ᚪ-ᛄᚩᚣ-ᚹᛁᚦᚩᚢᛏ-ᛈᚪᛁᚾ,I HAUE SOUGHT FOR A JOY WITHOUT PAIN,971
ᚠᚩᚱ-ᚪ-ᛋᚩᛚᛁᛞ-ᚹᛁᚦᚩᚢᛏ-ᚠᛚᚢᚳᛏᚢᚪᛏᛡᚾ,FOR A SOLID WITHOUT FLUKTUATIAN,939
ᚹᚻᚣ-ᚹᛁᛚᛚ-ᚣᚩᚢ-ᛞᛁᛖ-ᚩ-ᛖᛏᛖᚱᚾᚪᛚᛋ,WHY WILL YOU DIE O ETERNALS,1104
ᚹᚻᚣ-ᛚᛁᚢᛖ-ᛁᚾ-ᚢᚾᚢᛖᚾᚳᚻᚪᛒᛚᛖ-ᛒᚢᚱᚾᛝᛋ,WHY LIUE IN UNUENKHABLE BURNINGS,1080
ᚠᛁᚱᛋᛏ-ᛁ-ᚠᚩᚢᚷᚻᛏ-ᚹᛁᚦ-ᚦᛖ-ᚠᛁᚱᛖ-ᚳᚩᚾᛋᚢᛗᛞ,FIRST I FOUGHT WITH THE FIRE KONSUMD,801
ᛁᚾᚹᚪᚱᛞᛋ-ᛁᚾᛏᚩ-ᚪ-ᛞᛖᛖᛈ-ᚹᚩᚱᛚᛞ-ᚹᛁᚦᛁᚾ,INWARDS INTO A DEEP WORLD WITHIN,1132
ᚪ-ᚢᚩᛁᛞ-ᛁᛗᛗᛖᚾᛋᛖ-ᚹᛁᛚᛞ-ᛞᚪᚱᚳ-ᚪᚾᛞ-ᛞᛖᛖᛈ,A UOID IMMENSE WILD DARK AND DEEP,1519
ᚹᚻᛖᚱᛖ-ᚾᚩᚦᛝ-ᚹᚪᛋ-ᚾᚪᛏᚢᚱᛖᛋ-ᚹᛁᛞᛖ-ᚹᚩᛗᛒ,WHERE NOTHING WAS NATURES WIDE WOMB,1159
ᚪᚾᛞ-ᛋᛖᛚᚠ-ᛒᚪᛚᚪᚾᚳᛞ-ᛋᛏᚱᛖᛏᚳᚻᛞ-ᛟᚱ-ᚦᛖ-ᚢᚩᛁᛞ,AND SELF BALANKD STRETKHD OER THE UOID,1539
ᛁ-ᚪᛚᚩᚾᛖ-ᛖᚢᛖᚾ-ᛁ-ᚦᛖ-ᚹᛁᚾᛞᛋ-ᛗᛖᚱᚳᛁᛚᛖᛋᛋ,I ALONE EUEN I THE WINDS MERKILESS,1233
ᛒᚩᚢᚾᛞ-ᛒᚢᛏ-ᚳᚩᚾᛞᛖᚾᛋᛝ-ᛁᚾ-ᛏᚩᚱᚱᛖᚾᛏᛋ,BOUND BUT KONDENSING IN TORRENTS,1034
ᚦᛖᚣ-ᚠᚪᛚᛚ-ᚪᚾᛞ-ᚠᚪᛚᛚ-ᛋᛏᚱᚩᛝ-ᛁ-ᚱᛖᛈᛖᛚᛚᛞ,THEY FALL AND FALL STROING I REPELLD,1543
ᚦᛖ-ᚢᚪᛋᛏ-ᚹᚪᚢᛖᛋ-ᚪᚾᛞ-ᚪᚱᚩᛋᛖ-ᚩᚾ-ᚦᛖ-ᚹᚪᛏᛖᚱᛋ,THE UAST WAUES AND AROSE ON THE WATERS,1387
ᚪ-ᚹᛁᛞᛖ-ᚹᚩᚱᛚᛞ-ᚩᚠ-ᛋᚩᛚᛁᛞ-ᚩᛒᛋᛏᚱᚢᚳᛏᛡᚾ,A WIDE WORLD OF SOLID OBSTRUKTIAN,1166
ᚻᛖᚱᛖ-ᚪᛚᚩᚾᛖ-ᛁ-ᛁᚾ-ᛒᚩᚩᚳᛋ-ᚠᚩᚱᛗᛞ-ᚩᚠ-ᛗᛖᛏᚪᛚᛋ,HERE ALONE I IN BOOKS FORMD OF METALS,1282
ᚻᚪᚢᛖ-ᚹᚱᛁᛏᛏᛖᚾ-ᚦᛖ-ᛋᛖᚳᚱᛖᛏᛋ-ᚩᚠ-ᚹᛁᛋᛞᚩᛗ,HAUE WRITTEN THE SEKRETS OF WISDOM,1139
ᚦᛖ-ᛋᛖᚳᚱᛖᛏᛋ-ᚩᚠ-ᛞᚪᚱᚳ-ᚳᚩᚾᛏᛖᛗᛈᛚᚪᛏᛡᚾ,THE SEKRETS OF DARK KONTEMPLATIAN,1268
ᛒᚣ-ᚠᛁᚷᚻᛏᛝᛋ-ᚪᚾᛞ-ᚳᚩᚾᚠᛚᛁᚳᛏᛋ-ᛞᛁᚱᛖ,BY FIGHTINGS AND KONFLIKTS DIRE,1121
ᚹᛁᚦ-ᛏᛖᚱᚱᛁᛒᛚᛖ-ᛗᚩᚾᛋᛏᛖᚱᛋ-ᛋᛁᚾ-ᛒᚱᛖᛞ,WITH TERRIBLE MONSTERS SIN BRED,1126
ᚹᚻᛁᚳᚻ-ᚦᛖ-ᛒᚩᛋᚩᛗᛋ-ᚩᚠ-ᚪᛚᛚ-ᛁᚾᚻᚪᛒᛁᛏ,WHIKH THE BOSOMS OF ALL INHABIT,1016
ᛋᛖᚢᛖᚾ-ᛞᛠᛞᛚᚣ-ᛋᛁᚾᛋ-ᚩᚠ-ᚦᛖ-ᛋᚩᚢᛚ,SEUEN DEADLY SINS OF THE SOUL,1065
ᛚᚩ-ᛁ-ᚢᚾᚠᚩᛚᛞ-ᛗᚣ-ᛞᚪᚱᚳᚾᛖᛋᛋ-ᚪᚾᛞ-ᚩᚾ,LO I UNFOLD MY DARKNESS AND ON,1151
ᚦᛁᛋ-ᚱᚩᚳᚳ-ᛈᛚᚪᚳᛖ-ᚹᛁᚦ-ᛋᛏᚱᚩᛝ-ᚻᚪᚾᛞ-ᚦᛖ-ᛒᚩᚩᚳ,THIS ROKK PLAKE WITH STROING HAND THE BOOK,1088
ᚩᚠ-ᛖᛏᛖᚱᚾᚪᛚ-ᛒᚱᚪᛋᛋ-ᚹᚱᛁᛏᛏᛖᚾ-ᛁᚾ-ᛗᚣ-ᛋᚩᛚᛁᛏᚢᛞᛖ,OF ETERNAL BRASS WRITTEN IN MY SOLITUDE,1578
ᛚᚪᚹᛋ-ᚩᚠ-ᛈᛠᚳᛖ-ᚩᚠ-ᛚᚩᚢᛖ-ᚩᚠ-ᚢᚾᛁᛏᚣ,LAWS OF PEAKE OF LOUE OF UNITY,876
ᚩᚠ-ᛈᛁᛏᚣ-ᚳᚩᛗᛈᚪᛋᛋᛡᚾ-ᚠᚩᚱᚷᛁᚢᛖᚾᛖᛋᛋ,OF PITY KOMPASSIAN FORGIUENESS,1058
ᛚᛖᛏ-ᛠᚳᚻ-ᚳᚻᚢᛋᛖ-ᚩᚾᛖ-ᚻᚪᛒᛁᛏᚪᛏᛡᚾ,LET EAKH KHUSE ONE HABITATIAN,1169
ᚻᛁᛋ-ᚪᚾᚳᛁᛖᚾᛏ-ᛁᚾᚠᛁᚾᛁᛏᛖ-ᛗᚪᚾᛋᛡᚾ,HIS ANKIENT INFINITE MANSIAN,1097
ᚩᚾᛖ-ᚳᚩᛗᛗᚪᚾᛞ-ᚩᚾᛖ-ᛄᚩᚣ-ᚩᚾᛖ-ᛞᛖᛋᛁᚱᛖ,ONE KOMMAND ONE JOY ONE DESIRE,1151
ᚩᚾᛖ-ᚳᚢᚱᛋᛖ-ᚩᚾᛖ-ᚹᛖᛁᚷᚻᛏ-ᚩᚾᛖ-ᛗᛠᛋᚢᚱᛖ,ONE KURSE ONE WEIGHT ONE MEASURE,986
ᚩᚾᛖ-ᚳᛝ-ᚩᚾᛖ-ᚷᚩᛞ-ᚩᚾᛖ-ᛚᚪᚹ,ONE KING ONE GOD ONE LAW,703
ᚦᛖ-ᚢᚩᛁᚳᛖ-ᛖᚾᛞᛖᛞ-ᚦᛖᚣ-ᛋᚪᚹ-ᚻᛁᛋ-ᛈᚪᛚᛖ-ᚢᛁᛋᚪᚷᛖ,THE UOIKE ENDED THEY SAW HIS PALE UISAGE,1533
ᛖᛗᛖᚱᚷᛖ-ᚠᚱᚩᛗ-ᚦᛖ-ᛞᚪᚱᚳᚾᛖᛋᛋ-ᚻᛁᛋ-ᚻᚪᚾᛞ,EMERGE FROM THE DARKNESS HIS HAND,1220
ᚩᚾ-ᚦᛖ-ᚱᚩᚳᚳ-ᚩᚠ-ᛖᛏᛖᚱᚾᛁᛏᚣ-ᚢᚾᚳᛚᚪᛋᛈᛝ,ON THE ROKK OF ETERNITY UNKLASPING,977
ᚦᛖ-ᛒᚩᚩᚳ-ᚩᚠ-ᛒᚱᚪᛋᛋ-ᚱᚪᚷᛖ-ᛋᛁᛖᛋᛞ-ᚦᛖ-ᛋᛏᚱᚩᛝ,THE BOOK OF BRASS RAGE SIESD THE STROING,1210
ᚱᚪᚷᛖ-ᚠᚢᚱᚣ-ᛁᚾᛏᛖᚾᛋᛖ-ᛁᚾᛞᛁᚷᚾᚪᛏᛡᚾ,RAGE FURY INTENSE INDIGNATIAN,1164
ᛁᚾ-ᚳᚪᛏᚪᚱᚪᚳᛏᛋ-ᚩᚠ-ᚠᛁᚱᛖ-ᛒᛚᚩᚩᛞ-ᚪᚾᛞ-ᚷᚪᛚᛚ,IN KATARAKTS OF FIRE BLOOD AND GALL,1391
ᛁᚾ-ᚹᚻᛁᚱᛚᚹᛁᚾᛞᛋ-ᚩᚠ-ᛋᚢᛚᛈᚻᚢᚱᚩᚢᛋ-ᛋᛗᚩᚳᛖ,IN WHIRLWINDS OF SULPHUROUS SMOKE,930
ᚪᚾᛞ-ᛖᚾᚩᚱᛗᚩᚢᛋ-ᚠᚩᚱᛗᛋ-ᚩᚠ-ᛖᚾᛖᚱᚷᚣ,AND ENORMOUS FORMS OF ENERGY,910
ᚪᛚᛚ-ᚦᛖ-ᛋᛖᚢᛖᚾ-ᛞᛠᛞᛚᚣ-ᛋᛁᚾᛋ-ᚩᚠ-ᚦᛖ-ᛋᚩᚢᛚ,ALL THE SEUEN DEADLY SINS OF THE SOUL,1380
ᛁᚾ-ᛚᛁᚢᛝ-ᚳᚱᛠᛏᛡᚾᛋ-ᚪᛈᛈᛠᚱᛞ,IN LIUING KREATIANS APPEARD,1019
ᛁᚾ-ᚦᛖ-ᚠᛚᚪᛗᛖᛋ-ᚩᚠ-ᛖᛏᛖᚱᚾᚪᛚ-ᚠᚢᚱᚣ,IN THE FLAMES OF ETERNAL FURY,1026
ᛋᚢᚾᛞᚱᛝ-ᛞᚪᚱᚳᚾᛝ-ᚦᚢᚾᛞᚱᛝ,SUNDRING DARKNING THUNDRING,798
ᚱᛖᚾᛏ-ᚪᚹᚪᚣ-ᚹᛁᚦ-ᚪ-ᛏᛖᚱᚱᛁᛒᛚᛖ-ᚳᚱᚪᛋᚻ,RENT AWAY WITH A TERRIBLE KRASH,1211
ᛖᛏᛖᚱᚾᛁᛏᚣ-ᚱᚩᛚᛚᛞ-ᚹᛁᛞᛖ-ᚪᛈᚪᚱᛏ,ETERNITY ROLLD WIDE APART,1192
ᚹᛁᛞᛖ-ᚪᛋᚢᚾᛞᛖᚱ-ᚱᚩᛚᛚᛝ,WIDE ASUNDER ROLLING,798
ᛗᚩᚢᚾᛏᚪᛁᚾᚩᚢᛋ-ᚪᛚᛚ-ᚪᚱᚩᚢᚾᛞ,MOUNTAINOUS ALL AROUND,868
ᛞᛖᛈᚪᚱᛏᛝ-ᛞᛖᛈᚪᚱᛏᛝ-ᛞᛖᛈᚪᚱᛏᛝ,DEPARTING DEPARTING DEPARTING,1335
ᛚᛠᚢᛝ-ᚱᚢᛁᚾᚩᚢᛋ-ᚠᚱᚪᚷᛗᛖᚾᛏᛋ-ᚩᚠ-ᛚᛁᚠᛖ,LEAUING RUINOUS FRAGMENTS OF LIFE,989
ᚻᚪᛝᛝ-ᚠᚱᚩᚹᚾᛝ-ᚳᛚᛁᚠᚠᛋ-ᚪᚾᛞ-ᚪᛚᛚ-ᛒᛖᛏᚹᛖᛖᚾ,HAINGING FROWNING KLIFFS AND ALL BETWEEN,1426
ᚪᚾ-ᚩᚳᛠᚾ-ᚩᚠ-ᚢᚩᛁᛞᚾᛖᛋᛋ-ᚢᚾᚠᚪᚦᚩᛗᚪᛒᛚᛖ,AN OKEAN OF UOIDNESS UNFATHOMABLE,1137
ᚦᛖ-ᚱᚩᚪᚱᛝ-ᚠᛁᚱᛖᛋ-ᚱᚪᚾ-ᛟᚱ-ᚦᛖ-ᚻᛠᚢᚾᛋ,THE ROARING FIRES RAN OER THE HEAUNS,961
ᛁᚾ-ᚹᚻᛁᚱᛚᚹᛁᚾᛞᛋ-ᚪᚾᛞ-ᚳᚪᛏᚪᚱᚪᚳᛏᛋ-ᚩᚠ-ᛒᛚᚩᚩᛞ,IN WHIRLWINDS AND KATARAKTS OF BLOOD,1398
ᚪᚾᛞ-ᛟᚱ-ᚦᛖ-ᛞᚪᚱᚳ-ᛞᛖᛋᚪᚱᛏᛋ-ᚩᚠ-ᚢᚱᛁᛋᛖᚾ,AND OER THE DARK DESARTS OF URISEN,1223
ᚠᛁᚱᛖᛋ-ᛈᚩᚢᚱ-ᚦᚱᚩ-ᚦᛖ-ᚢᚩᛁᛞ-ᚩᚾ-ᚪᛚᛚ-ᛋᛁᛞᛖᛋ,FIRES POUR THRO THE UOID ON ALL SIDES,1025
ᚩᚾ-ᚢᚱᛁᛋᛖᚾᛋ-ᛋᛖᛚᚠ-ᛒᛖᚷᚩᛏᛏᛖᚾ-ᚪᚱᛗᛁᛖᛋ,ON URISENS SELF BEGOTTEN ARMIES,1174
ᛒᚢᛏ-ᚾᚩ-ᛚᛁᚷᚻᛏ-ᚠᚱᚩᛗ-ᚦᛖ-ᚠᛁᚱᛖᛋ-ᚪᛚᛚ-ᚹᚪᛋ-ᛞᚪᚱᚳᚾᛖᛋᛋ,BUT NO LIGHT FROM THE FIRES ALL WAS DARKNESS,1513
ᛁᚾ-ᚦᛖ-ᚠᛚᚪᛗᛖᛋ-ᚩᚠ-ᛖᛏᛖᚱᚾᚪᛚ-ᚠᚢᚱᚣ,IN THE FLAMES OF ETERNAL FURY,1026
ᛁᚾ-ᚠᛁᛖᚱᚳᛖ-ᚪᛝᚢᛁᛋᚻ-ᚪᚾᛞ-ᚢᛖᚾᚳᚻᛚᛖᛋᛋ-ᚠᛚᚪᛗᛖᛋ,IN FIERKE AINGUISH AND UENKHLESS FLAMES,1496
ᛏᚩ-ᚦᛖ-ᛞᛖᛋᚪᚱᛏᛋ-ᚪᚾᛞ-ᚱᚩᚳᚳᛋ-ᚻᛖ-ᚱᚪᚾ-ᚱᚪᚷᛝ,TO THE DESARTS AND ROKKS HE RAN RAGING,1310
ᛏᚩ-ᚻᛁᛞᛖ-ᛒᚢᛏ-ᚻᛖ-ᚳᚩᚢᛚᛞ-ᚾᚩᛏ-ᚳᚩᛗᛒᛁᚾᛝ,TO HIDE BUT HE KOULD NOT KOMBINING,1060
ᚻᛖ-ᛞᚢᚷ-ᛗᚩᚢᚾᛏᚪᛁᚾᛋ-ᚪᚾᛞ-ᚻᛁᛚᛚᛋ-ᛁᚾ-ᚢᚪᛋᛏ-ᛋᛏᚱᛖᛝᚦ,HE DUG MOUNTAINS AND HILLS IN UAST STREINGTH,1592
ᚻᛖ-ᛈᛁᛚᛖᛞ-ᚦᛖᛗ-ᛁᚾ-ᛁᚾᚳᛖᛋᛋᚪᚾᛏ-ᛚᚪᛒᚩᚢᚱ,HE PILED THEM IN INKESSANT LABOUR,1279
ᛁᚾ-ᚻᚩᚹᛚᛝᛋ-ᚪᚾᛞ-ᛈᚪᛝᛋ-ᚪᚾᛞ-ᚠᛁᛖᚱᚳᛖ-ᛗᚪᛞᚾᛖᛋᛋ,IN HOWLINGS AND PAINGS AND FIERKE MADNESS,1666
ᛚᚩᛝ-ᛈᛖᚱᛡᛞᛋ-ᛁᚾ-ᛒᚢᚱᚾᛝ-ᚠᛁᚱᛖᛋ-ᛚᚪᛒᚩᚢᚱᛝ,LOING PERIADS IN BURNING FIRES LABOURING,1267
ᛏᛁᛚᛚ-ᚻᚩᚪᚱᚣ-ᚪᚾᛞ-ᚪᚷᛖ-ᛒᚱᚩᚳᛖ-ᚪᚾᛞ-ᚪᚷᛖᛞ,TILL HOARY AND AGE BROKE AND AGED,1517
ᛁᚾ-ᛞᛖᛋᛈᚪᛁᚱ-ᚪᚾᛞ-ᚦᛖ-ᛋᚻᚪᛞᚩᚹᛋ-ᚩᚠ-ᛞᛠᚦ,IN DESPAIR AND THE SHADOWS OF DEATH,1291
ᚪᚾᛞ-ᚪ-ᚱᚩᚩᚠ-ᚢᚪᛋᛏ-ᛈᛖᛏᚱᛁᚠᛁᚳ-ᚪᚱᚩᚢᚾᛞ,AND A ROOF UAST PETRIFIK AROUND,1044
ᚩᚾ-ᚪᛚᛚ-ᛋᛁᛞᛖᛋ-ᚻᛖ-ᚠᚱᚪᛗᛞ-ᛚᛁᚳᛖ-ᚪ-ᚹᚩᛗᛒ,ON ALL SIDES HE FRAMD LIKE A WOMB,1371
ᚹᚻᛖᚱᛖ-ᚦᚩᚢᛋᚪᚾᛞᛋ-ᚩᚠ-ᚱᛁᚢᛖᚱᛋ-ᛁᚾ-ᚢᛖᛁᚾᛋ,WHERE THOUSANDS OF RIUERS IN UEINS,951
ᚩᚠ-ᛒᛚᚩᚩᛞ-ᛈᚩᚢᚱ-ᛞᚩᚹᚾ-ᚦᛖ-ᛗᚩᚢᚾᛏᚪᛁᚾᛋ-ᛏᚩ-ᚳᚩᚩᛚ,OF BLOOD POUR DOWN THE MOUNTAINS TO KOOL,1071
ᚦᛖ-ᛖᛏᛖᚱᚾᚪᛚ-ᚠᛁᚱᛖᛋ-ᛒᛠᛏᛝ-ᚹᛁᚦᚩᚢᛏ,THE ETERNAL FIRES BEATING WITHOUT,1071
ᚠᚱᚩᛗ-ᛖᛏᛖᚱᚾᚪᛚᛋ-ᚪᚾᛞ-ᛚᛁᚳᛖ-ᚪ-ᛒᛚᚪᚳᚳ-ᚷᛚᚩᛒᛖ,FROM ETERNALS AND LIKE A BLAKK GLOBE,1525
ᚢᛁᛖᚹᛞ-ᛒᚣ-ᛋᚩᚾᛋ-ᚩᚠ-ᛖᛏᛖᚱᚾᛁᛏᚣ-ᛋᛏᚪᚾᛞᛝ,UIEWD BY SONS OF ETERNITY STANDING,1356
ᚩᚾ-ᚦᛖ-ᛋᚻᚩᚱᛖ-ᚩᚠ-ᚦᛖ-ᛁᚾᚠᛁᚾᛁᛏᛖ-ᚩᚳᛠᚾ,ON THE SHORE OF THE INFINITE OKEAN,787
ᛚᛁᚳᛖ-ᚪ-ᚻᚢᛗᚪᚾ-ᚻᛠᚱᛏ-ᛋᛏᚱᚢᚷᛚᛝ-ᚪᚾᛞ-ᛒᛠᛏᛝ,LIKE A HUMAN HEART STRUGLING AND BEATING,1524
ᚦᛖ-ᚢᚪᛋᛏ-ᚹᚩᚱᛚᛞ-ᚩᚠ-ᚢᚱᛁᛋᛖᚾ-ᚪᛈᛈᛠᚱᛞ,THE UAST WORLD OF URISEN APPEARD,1078
ᚪᚾᛞ-ᛚᚩᛋ-ᚱᚩᚢᚾᛞ-ᚦᛖ-ᛞᚪᚱᚳ-ᚷᛚᚩᛒᛖ-ᚩᚠ-ᚢᚱᛁᛋᛖᚾ,AND LOS ROUND THE DARK GLOBE OF URISEN,1197
ᚳᛖᛈᛏ-ᚹᚪᛏᚳᚻ-ᚠᚩᚱ-ᛖᛏᛖᚱᚾᚪᛚᛋ-ᛏᚩ-ᚳᚩᚾᚠᛁᚾᛖ,KEPT WATKH FOR ETERNALS TO KONFINE,1113
ᚦᛖ-ᚩᛒᛋᚳᚢᚱᛖ-ᛋᛖᛈᚪᚱᚪᛏᛡᚾ-ᚪᛚᚩᚾᛖ,THE OBSKURE SEPARATIAN ALONE,1123
ᚠᚩᚱ-ᛖᛏᛖᚱᚾᛁᛏᚣ-ᛋᛏᚩᚩᛞ-ᚹᛁᛞᛖ-ᚪᛈᚪᚱᛏ,FOR ETERNITY STOOD WIDE APART,1174
ᚪᛋ-ᚦᛖ-ᛋᛏᚪᚱᛋ-ᚪᚱᛖ-ᚪᛈᚪᚱᛏ-ᚠᚱᚩᛗ-ᚦᛖ-ᛠᚱᚦ,AS THE STARS ARE APART FROM THE EARTH,1265
ᛚᚩᛋ-ᚹᛖᛈᛏ-ᚻᚩᚹᛚᛝ-ᚪᚱᚩᚢᚾᛞ-ᚦᛖ-ᛞᚪᚱᚳ-ᛞᛖᛗᚩᚾ,LOS WEPT HOWLING AROUND THE DARK DEMON,1303
ᚪᚾᛞ-ᚳᚢᚱᛋᛝ-ᚻᛁᛋ-ᛚᚩᛏ-ᚠᚩᚱ-ᛁᚾ-ᚪᛝᚢᛁᛋᚻ,AND KURSING HIS LOT FOR IN AINGUISH,986
ᚢᚱᛁᛋᛖᚾ-ᚹᚪᛋ-ᚱᛖᚾᛏ-ᚠᚱᚩᛗ-ᚻᛁᛋ-ᛋᛁᛞᛖ,URISEN WAS RENT FROM HIS SIDE,967
ᚪᚾᛞ-ᚪ-ᚠᚪᚦᚩᛗᛚᛖᛋᛋ-ᚢᚩᛁᛞ-ᚠᚩᚱ-ᚻᛁᛋ-ᚠᛖᛖᛏ,AND A FATHOMLESS UOID FOR HIS FEET,1192
ᚪᚾᛞ-ᛁᚾᛏᛖᚾᛋᛖ-ᚠᛁᚱᛖᛋ-ᚠᚩᚱ-ᚻᛁᛋ-ᛞᚹᛖᛚᛚᛝ,AND INTENSE FIRES FOR HIS DWELLING,1241
ᛒᚢᛏ-ᚢᚱᛁᛋᛖᚾ-ᛚᚪᛁᛞ-ᛁᚾ-ᚪ-ᛋᛏᚩᚾᚣ-ᛋᛚᛖᛖᛈ,BUT URISEN LAID IN A STONY SLEEP,1318
ᚢᚾᚩᚱᚷᚪᚾᛁᛋᛞ-ᚱᛖᚾᛏ-ᚠᚱᚩᛗ-ᛖᛏᛖᚱᚾᛁᛏᚣ,UNORGANISD RENT FROM ETERNITY,1049
ᚦᛖ-ᛖᛏᛖᚱᚾᚪᛚᛋ-ᛋᚪᛁᛞ-ᚹᚻᚪᛏ-ᛁᛋ-ᚦᛁᛋ-ᛞᛠᚦ,THE ETERNALS SAID WHAT IS THIS DEATH,1372
ᚢᚱᛁᛋᛖᚾ-ᛁᛋ-ᚪ-ᚳᛚᚩᛞ-ᚩᚠ-ᚳᛚᚪᚣ,URISEN IS A KLOD OF KLAY,852
ᛚᚩᛋ-ᚻᚩᚹᛚᛞ-ᛁᚾ-ᚪ-ᛞᛁᛋᛗᚪᛚ-ᛋᛏᚢᛈᚩᚱ,LOS HOWLD IN A DISMAL STUPOR,1091
ᚷᚱᚩᚪᚾᛝ-ᚷᚾᚪᛋᚻᛝ-ᚷᚱᚩᚪᚾᛝ,GROANING GNASHING GROANING,778
ᛏᛁᛚᛚ-ᚦᛖ-ᚹᚱᛖᚾᚳᚻᛝ-ᚪᛈᚪᚱᛏ-ᚹᚪᛋ-ᚻᛠᛚᛖᛞ,TILL THE WRENKHING APART WAS HEALED,1386
ᛒᚢᛏ-ᚦᛖ-ᚹᚱᛖᚾᚳᚻᛝ-ᚩᚠ-ᚢᚱᛁᛋᛖᚾ-ᚻᛠᛚᛞ-ᚾᚩᛏ,BUT THE WRENKHING OF URISEN HEALD NOT,1028
ᚳᚩᛚᛞ-ᚠᛠᛏᚢᚱᛖᛚᛖᛋᛋ-ᚠᛚᛖᛋᚻ-ᚩᚱ-ᚳᛚᚪᚣ,KOLD FEATURELESS FLESH OR KLAY,1201
ᚱᛁᚠᛏᛖᛞ-ᚹᛁᚦ-ᛞᛁᚱᛖᚠᚢᛚ-ᚳᚻᚪᛝᛖᛋ,RIFTED WITH DIREFUL KHAINGES,922
ᚻᛖ-ᛚᚪᚣ-ᛁᚾ-ᚪ-ᛞᚱᛠᛗᛚᛖᛋᛋ-ᚾᛁᚷᚻᛏ,HE LAY IN A DREAMLESS NIGHT,1205
ᛏᛁᛚᛚ-ᛚᚩᛋ-ᚱᚩᚢᛋᛞ-ᚻᛁᛋ-ᚠᛁᚱᛖᛋ-ᚪᚠᚠᚱᛁᚷᚻᛏᛖᛞ,TILL LOS ROUSD HIS FIRES AFFRIGHTED,1201
ᚪᛏ-ᚦᛖ-ᚠᚩᚱᛗᛚᛖᛋᛋ-ᚢᚾᛗᛠᛋᚢᚱᚪᛒᛚᛖ-ᛞᛠᚦ,AT THE FORMLESS UNMEASURABLE DEATH,1345
ᛚᚩᛋ-ᛋᛗᛁᛏᛏᛖᚾ-ᚹᛁᚦ-ᚪᛋᛏᚩᚾᛁᛋᚻᛗᛖᚾᛏ,LOS SMITTEN WITH ASTONISHMENT,1135
ᚠᚱᛁᚷᚻᛏᛖᚾᛞ-ᚪᛏ-ᚦᛖ-ᚻᚢᚱᛏᛚᛝ-ᛒᚩᚾᛖᛋ,FRIGHTEND AT THE HURTLING BONES,1021
ᚪᚾᛞ-ᚪᛏ-ᚦᛖ-ᛋᚢᚱᚷᛝ-ᛋᚢᛚᛈᚻᚢᚱᛇᚢᛋ,AND AT THE SURGING SULPHUREOUS,912
ᛈᛖᚱᛏᚢᚱᛒᛖᛞ-ᛁᛗᛗᚩᚱᛏᚪᛚ-ᛗᚪᛞ-ᚱᚪᚷᛝ,PERTURBED IMMORTAL MAD RAGING,1292
ᛁᚾ-ᚹᚻᛁᚱᛚᚹᛁᚾᛞᛋ-ᚪᚾᛞ-ᛈᛁᛏᚳᚻ-ᚪᚾᛞ-ᚾᛁᛏᚱᛖ,IN WHIRLWINDS AND PITKH AND NITRE,1234
ᚱᚩᚢᚾᛞ-ᚦᛖ-ᚠᚢᚱᛡᚢᛋ-ᛚᛁᛗᛒᛋ-ᚩᚠ-ᛚᚩᛋ,ROUND THE FURIAUS LIMBS OF LOS,821
ᚪᚾᛞ-ᛚᚩᛋ-ᚠᚩᚱᛗᛖᛞ-ᚾᛖᛏᛋ-ᚪᚾᛞ-ᚷᛁᚾᛋ,AND LOS FORMED NETS AND GINS,1148
ᚪᚾᛞ-ᚦᚱᛖᚹ-ᚦᛖ-ᚾᛖᛏᛋ-ᚱᚩᚢᚾᛞ-ᚪᛒᚩᚢᛏ,AND THREW THE NETS ROUND ABOUT,963
ᚻᛖ-ᚹᚪᛏᚳᚻᛞ-ᛁᚾ-ᛋᚻᚢᛞᛞᚱᛝ-ᚠᛠᚱ,HE WATKHD IN SHUDDRING FEAR,919
ᚦᛖ-ᛞᚪᚱᚳ-ᚳᚻᚪᛝᛖᛋ-ᚪᚾᛞ-ᛒᚩᚢᚾᛞ-ᛖᚢᛖᚱᚣ-ᚳᚻᚪᛝᛖ,THE DARK KHAINGES AND BOUND EUERY KHAINGE,1548
ᚹᛁᚦ-ᚱᛁᚢᛖᛏᛋ-ᚩᚠ-ᛁᚱᚩᚾ-ᚪᚾᛞ-ᛒᚱᚪᛋᛋ,WITH RIUETS OF IRON AND BRASS,856
ᚪᚾᛞ-ᚦᛖᛋᛖ-ᚹᛖᚱᛖ-ᚦᛖ-ᚳᚻᚪᛝᛖᛋ-ᚩᚠ-ᚢᚱᛁᛋᛖᚾ,AND THESE WERE THE KHAINGES OF URISEN,1178
ᚪᚷᛖᛋ-ᚩᚾ-ᚪᚷᛖᛋ-ᚱᚩᛚᛚᛞ-ᚩᚢᛖᚱ-ᚻᛁᛗ,AGES ON AGES ROLLD OUER HIM,970
ᛁᚾ-ᛋᛏᚩᚾᚣ-ᛋᛚᛖᛖᛈ-ᚪᚷᛖᛋ-ᚱᚩᛚᛚᛞ-ᚩᚢᛖᚱ-ᚻᛁᛗ,IN STONY SLEEP AGES ROLLD OUER HIM,1314
ᛚᛁᚳᛖ-ᚪ-ᛞᚪᚱᚳ-ᚹᚪᛋᛏᛖ-ᛋᛏᚱᛖᛏᚳᚻᛝ-ᚳᚻᚪᛝᚪᛒᛚᛖ,LIKE A DARK WASTE STRETKHING KHAINGABLE,1660
ᛒᚣ-ᛠᚱᚦᚢᚪᚳᛖᛋ-ᚱᛁᚢᚾ-ᛒᛖᛚᚳᚻᛝ-ᛋᚢᛚᛚᛖᚾ-ᚠᛁᚱᛖᛋ,BY EARTHUAKES RIUN BELKHING SULLEN FIRES,1374
ᚩᚾ-ᚪᚷᛖᛋ-ᚱᚩᛚᛚᛞ-ᚪᚷᛖᛋ-ᛁᚾ-ᚷᚻᚪᛋᛏᛚᚣ,ON AGES ROLLD AGES IN GHASTLY,1242
ᛋᛁᚳᚳ-ᛏᚩᚱᛗᛖᚾᛏ-ᚪᚱᚩᚢᚾᛞ-ᚻᛁᛗ-ᛁᚾ-ᚹᚻᛁᚱᛚᚹᛁᚾᛞᛋ,SIKK TORMENT AROUND HIM IN WHIRLWINDS,1212
ᚩᚠ-ᛞᚪᚱᚳᚾᛖᛋᛋ-ᚦᛖ-ᛖᛏᛖᚱᚾᚪᛚ-ᛈᚱᚩᛈᚻᛖᛏ-ᚻᚩᚹᛚᛞ,OF DARKNESS THE ETERNAL PROPHET HOWLD,1360
ᛒᛠᛏᛝ-ᛋᛏᛁᛚᛚ-ᚩᚾ-ᚻᛁᛋ-ᚱᛁᚢᛖᛏᛋ-ᚩᚠ-ᛁᚱᚩᚾ,BEATING STILL ON HIS RIUETS OF IRON,1051
ᛈᚩᚢᚱᛝ-ᛋᚩᛞᚩᚱ-ᚩᚠ-ᛁᚱᚩᚾ-ᛞᛁᚢᛁᛞᛝ,POURING SODOR OF IRON DIUIDING,719
ᚦᛖ-ᚻᚩᚱᚱᛁᛒᛚᛖ-ᚾᛁᚷᚻᛏ-ᛁᚾᛏᚩ-ᚹᚪᛏᚳᚻᛖᛋ,THE HORRIBLE NIGHT INTO WATKHES,972
ᚪᚾᛞ-ᚢᚱᛁᛋᛖᚾ-ᛋᚩ-ᚻᛁᛋ-ᛖᛏᛖᚱᚾᚪᛚ-ᚾᚪᛗᛖ,AND URISEN SO HIS ETERNAL NAME,1243
ᚻᛁᛋ-ᛈᚱᚩᛚᛁᚠᛁᚳ-ᛞᛖᛚᛁᚷᚻᛏ-ᚩᛒᛋᚳᚢᚱᛞ-ᛗᚩᚱᛖ-ᚪᚾᛞ-ᛗᚩᚱᛖ,HIS PROLIFIK DELIGHT OBSKURD MORE AND MORE,1441
ᛁᚾ-ᛞᚪᚱᚳ-ᛋᛖᚳᚱᛖᛋᚣ-ᚻᛁᛞᛝ-ᛁᚾ-ᛋᚢᚱᚷᛖᛝ,IN DARK SEKRESY HIDING IN SURGEING,1149
ᛋᚢᛚᛈᚻᚢᚱᛇᚢᛋ-ᚠᛚᚢᛁᛞ-ᚻᛁᛋ-ᛈᚻᚪᚾᛏᚪᛋᛁᛖᛋ,SULPHUREOUS FLUID HIS PHANTASIES,1163
ᚦᛖ-ᛖᛏᛖᚱᚾᚪᛚ-ᛈᚱᚩᛈᚻᛖᛏ-ᚻᛠᚢᛞ-ᚦᛖ-ᛞᚪᚱᚳ-ᛒᛖᛚᛚᚩᚹᛋ,THE ETERNAL PROPHET HEAUD THE DARK BELLOWS,1587
ᚪᚾᛞ-ᛏᚢᚱᚾᛞ-ᚱᛖᛋᛏᛚᛖᛋᛋ-ᚦᛖ-ᛏᚩᛝᛋ-ᚪᚾᛞ-ᚦᛖ-ᚻᚪᛗᛗᛖᚱ,AND TURND RESTLESS THE TOINGS AND THE HAMMER,1739
ᛁᚾᚳᛖᛋᛋᚪᚾᛏ-ᛒᛠᛏ-ᚠᚩᚱᚷᛝ-ᚳᚻᚪᛁᚾᛋ-ᚾᛖᚹ-ᚪᚾᛞ-ᚾᛖᚹ,INKESSANT BEAT FORGING KHAINS NEW AND NEW,1467
ᚾᚢᛗᛒᚱᛝ-ᚹᛁᚦ-ᛚᛁᚾᚳᛋ-ᚻᚩᚢᚱᛋ-ᛞᚪᚣᛋ-ᚪᚾᛞ-ᚣᛠᚱᛋ,NUMBRING WITH LINKS HOURS DAYS AND YEARS,1438
ᚦᛖ-ᛖᛏᛖᚱᚾᚪᛚ-ᛗᛁᚾᛞ-ᛒᚩᚢᚾᛞᛖᛞ-ᛒᛖᚷᚪᚾ-ᛏᚩ-ᚱᚩᛚᛚ,THE ETERNAL MIND BOUNDED BEGAN TO ROLL,1541
ᛖᛞᛞᛁᛖᛋ-ᚩᚠ-ᚹᚱᚪᚦ-ᚳᛠᛋᛖᛚᛖᛋᛋ-ᚱᚩᚢᚾᛞ-ᚪᚾᛞ-ᚱᚩᚢᚾᛞ,EDDIES OF WRATH KEASELESS ROUND AND ROUND,1518
ᚪᚾᛞ-ᚦᛖ-ᛋᚢᛚᛈᚻᚢᚱᛇᚢᛋ-ᚠᚩᚪᛗ-ᛋᚢᚱᚷᛖᛝ-ᚦᛁᚳᚳ,AND THE SULPHUREOUS FOAM SURGEING THIKK,1062
ᛋᛖᛏᛏᛚᛖᛞ-ᚪ-ᛚᚪᚳᛖ-ᛒᚱᛁᚷᚻᛏ-ᚪᚾᛞ-ᛋᚻᛁᚾᛝ-ᚳᛚᛠᚱ,SETTLED A LAKE BRIGHT AND SHINING KLEAR,1652
ᚹᚻᛁᛏᛖ-ᚪᛋ-ᚦᛖ-ᛋᚾᚩᚹ-ᚩᚾ-ᚦᛖ-ᛗᚩᚢᚾᛏᚪᛁᚾᛋ-ᚳᚩᛚᛞ,WHITE AS THE SNOW ON THE MOUNTAINS KOLD,1198
ᚠᚩᚱᚷᛖᛏᚠᚢᛚᚾᛖᛋᛋ-ᛞᚢᛗᛒᚾᛖᛋᛋ-ᚾᛖᚳᛖᛋᛋᛁᛏᚣ,FORGETFULNESS DUMBNESS NEKESSITY,1344
ᛁᚾ-ᚳᚻᚪᛁᚾᛋ-ᚩᚠ-ᚦᛖ-ᛗᛁᚾᛞ-ᛚᚩᚳᚳᛖᛞ-ᚢᛈ,IN KHAINS OF THE MIND LOKKED UP,915
ᛚᛁᚳᛖ-ᚠᛖᛏᛏᛖᚱᛋ-ᚩᚠ-ᛁᚳᛖ-ᛋᚻᚱᛁᚾᚳᛝ-ᛏᚩᚷᛖᚦᛖᚱ,LIKE FETTERS OF IKE SHRINKING TOGETHER,1094
ᛞᛁᛋᚩᚱᚷᚪᚾᛁᛋᛞ-ᚱᛖᚾᛏ-ᚠᚱᚩᛗ-ᛖᛏᛖᚱᚾᛁᛏᚣ,DISORGANISD RENT FROM ETERNITY,1190
ᛚᚩᛋ-ᛒᛠᛏ-ᚩᚾ-ᚻᛁᛋ-ᚠᛖᛏᛏᛖᚱᛋ-ᚩᚠ-ᛁᚱᚩᚾ,LOS BEAT ON HIS FETTERS OF IRON,910
ᚪᚾᛞ-ᚻᛠᛏᛖᛞ-ᚻᛁᛋ-ᚠᚢᚱᚾᚪᚳᛖᛋ-ᚪᚾᛞ-ᛈᚩᚢᚱᛞ,AND HEATED HIS FURNAKES AND POURD,1312
ᛁᚱᚩᚾ-ᛋᚩᛞᚩᚱ-ᚪᚾᛞ-ᛋᚩᛞᚩᚱ-ᚩᚠ-ᛒᚱᚪᛋᛋ,IRON SODOR AND SODOR OF BRASS,911
ᚱᛖᛋᛏᛚᛖᛋᛋ-ᛏᚢᚱᚾᛞ-ᚦᛖ-ᛁᛗᛗᚩᚱᛏᚪᛚ-ᛁᚾᚳᚻᚪᛁᚾᛞ,RESTLESS TURND THE IMMORTAL INKHAIND,1461
ᚻᛠᚢᛝ-ᛞᚩᛚᚩᚱᚩᚢᛋ-ᚪᛝᚢᛁᛋᚻᛞ-ᚢᚾᛒᛠᚱᚪᛒᛚᛖ,HEAUING DOLOROUS AINGUISHD UNBEARABLE,1350
ᛏᛁᛚᛚ-ᚪ-ᚱᚩᚩᚠ-ᛋᚻᚪᚷᚷᚣ-ᚹᛁᛚᛞ-ᛁᚾᚳᛚᚩᛋᛞ,TILL A ROOF SHAGGY WILD INKLOSD,1177
ᛁᚾ-ᚪᚾ-ᚩᚱᛒ-ᚻᛁᛋ-ᚠᚩᚢᚾᛏᚪᛁᚾ-ᚩᚠ-ᚦᚩᚢᚷᚻᛏ,IN AN ORB HIS FOUNTAIN OF THOUGHT,752
ᛁᚾ-ᚪ-ᚻᚩᚱᚱᛁᛒᛚᛖ-ᛞᚱᛠᛗᚠᚢᛚ-ᛋᛚᚢᛗᛒᛖᚱ,IN A HORRIBLE DREAMFUL SLUMBER,1138
ᛚᛁᚳᛖ-ᚦᛖ-ᛚᛁᚾᚳᛖᛞ-ᛁᚾᚠᛖᚱᚾᚪᛚ-ᚳᚻᚪᛁᚾ,LIKE THE LINKED INFERNAL KHAIN,1090
ᚪ-ᚢᚪᛋᛏ-ᛋᛈᛁᚾᛖ-ᚹᚱᛁᚦᛞ-ᛁᚾ-ᛏᚩᚱᛗᛖᚾᛏ,A UAST SPINE WRITHD IN TORMENT,1050
ᚢᛈᚩᚾ-ᚦᛖ-ᚹᛁᚾᛞᛋ-ᛋᚻᚩᚩᛏᛝ-ᛈᚪᛁᚾᛞ,UPON THE WINDS SHOOTING PAIND,892
ᚱᛁᛒᛋ-ᛚᛁᚳᛖ-ᚪ-ᛒᛖᚾᛞᛝ-ᚳᚪᚢᛖᚱᚾ,RIBS LIKE A BENDING KAUERN,982
ᚪᚾᛞ-ᛒᚩᚾᛖᛋ-ᚩᚠ-ᛋᚩᛚᛁᛞᚾᛖᛋᛋ-ᚠᚱᚩᛋᛖ,AND BONES OF SOLIDNESS FROSE,1036
ᚩᚢᛖᚱ-ᚪᛚᛚ-ᚻᛁᛋ-ᚾᛖᚱᚢᛖᛋ-ᚩᚠ-ᛄᚩᚣ,OUER ALL HIS NERUES OF JOY,824
ᚪᚾᛞ-ᚪ-ᚠᛁᚱᛋᛏ-ᚪᚷᛖ-ᛈᚪᛋᛋᛖᛞ-ᚩᚢᛖᚱ,AND A FIRST AGE PASSED OUER,1139
ᚪᚾᛞ-ᚪ-ᛋᛏᚪᛏᛖ-ᚩᚠ-ᛞᛁᛋᛗᚪᛚ-ᚹᛟ,AND A STATE OF DISMAL WOE,1172
ᚠᚱᚩᛗ-ᚦᛖ-ᚳᚪᚢᛖᚱᚾᛋ-ᚩᚠ-ᚻᛁᛋ-ᛄᚩᛁᚾᛏᛖᛞ-ᛋᛈᛁᚾᛖ,FROM THE KAUERNS OF HIS JOINTED SPINE,1094
ᛞᚩᚹᚾ-ᛋᚢᚾᚳ-ᚹᛁᚦ-ᚠᚱᛁᚷᚻᛏ-ᚪ-ᚱᛖᛞ,DOWN SUNK WITH FRIGHT A RED,704
ᚱᚩᚢᚾᛞ-ᚷᛚᚩᛒᛖ-ᚻᚩᛏ-ᛒᚢᚱᚾᛝ-ᛞᛖᛖᛈ,ROUND GLOBE HOT BURNING DEEP,902
ᛞᛖᛖᛈ-ᛞᚩᚹᚾ-ᛁᚾᛏᚩ-ᚦᛖ-ᚪᛒᚣᛋᛋ,DEEP DOWN INTO THE ABYSS,975
ᛈᚪᚾᛏᛝ-ᚳᚩᛝᛚᚩᛒᛝ-ᛏᚱᛖᛗᛒᛚᛝ,PANTING KOINGLOBING TREMBLING,1047
ᛋᚻᚩᚩᛏᛝ-ᚩᚢᛏ-ᛏᛖᚾ-ᚦᚩᚢᛋᚪᚾᛞ-ᛒᚱᚪᚾᚳᚻᛖᛋ,SHOOTING OUT TEN THOUSAND BRANKHES,1089
ᚪᚱᚩᚢᚾᛞ-ᚻᛁᛋ-ᛋᚩᛚᛁᛞ-ᛒᚩᚾᛖᛋ,AROUND HIS SOLID BONES,813
ᚪᚾᛞ-ᚪ-ᛋᛖᚳᚩᚾᛞ-ᚪᚷᛖ-ᛈᚪᛋᛋᛖᛞ-ᚩᚢᛖᚱ,AND A SEKOND AGE PASSED OUER,1241
ᚪᚾᛞ-ᚪ-ᛋᛏᚪᛏᛖ-ᚩᚠ-ᛞᛁᛋᛗᚪᛚ-ᚹᛟ,AND A STATE OF DISMAL WOE,1172
ᛁᚾ-ᚻᚪᚱᚱᚩᚹᛝ-ᚠᛠᚱ-ᚱᚩᛚᛚᛝ-ᚱᚩᚢᚾᛞ,IN HARROWING FEAR ROLLING ROUND,811
ᚻᛁᛋ-ᚾᛖᚱᚢᚩᚢᛋ-ᛒᚱᚪᛁᚾ-ᛋᚻᚩᛏ-ᛒᚱᚪᚾᚳᚻᛖᛋ,HIS NERUOUS BRAIN SHOT BRANKHES,1005
ᚱᚩᚢᚾᛞ-ᚦᛖ-ᛒᚱᚪᚾᚳᚻᛖᛋ-ᚩᚠ-ᚻᛁᛋ-ᚻᛠᚱᛏ,ROUND THE BRANKHES OF HIS HEART,883
ᚩᚾ-ᚻᛁᚷᚻ-ᛁᚾᛏᚩ-ᛏᚹᚩ-ᛚᛁᛏᛏᛚᛖ-ᚩᚱᛒᛋ,ON HIGH INTO TWO LITTLE ORBS,835
ᚪᚾᛞ-ᚠᛁᛉᛖᛞ-ᛁᚾ-ᛏᚹᚩ-ᛚᛁᛏᛏᛚᛖ-ᚳᚪᚢᛖᛋ,AND FIXED IN TWO LITTLE KAUES,1191
ᚻᛁᛞᛝ-ᚳᚪᚱᛖᚠᚢᛚᛚᚣ-ᚠᚱᚩᛗ-ᚦᛖ-ᚹᛁᚾᛞ,HIDING KAREFULLY FROM THE WIND,995
ᚻᛁᛋ-ᛖᚣᛖᛋ-ᛒᛖᚻᛖᛚᛞ-ᚦᛖ-ᛞᛖᛖᛈ,HIS EYES BEHELD THE DEEP,1115
ᚪᚾᛞ-ᚪ-ᚦᛁᚱᛞ-ᚪᚷᛖ-ᛈᚪᛋᛋᛖᛞ-ᚩᚢᛖᚱ,AND A THIRD AGE PASSED OUER,1119
ᚪᚾᛞ-ᚪ-ᛋᛏᚪᛏᛖ-ᚩᚠ-ᛞᛁᛋᛗᚪᛚ-ᚹᛟ,AND A STATE OF DISMAL WOE,1172
ᚦᛖ-ᛈᚪᛝᛋ-ᚩᚠ-ᚻᚩᛈᛖ-ᛒᛖᚷᚪᚾ,THE PAINGS OF HOPE BEGAN,764
ᛁᚾ-ᚻᛠᚢᚣ-ᛈᚪᛁᚾ-ᛋᛏᚱᛁᚢᛝ-ᛋᛏᚱᚢᚷᚷᛚᛝ,IN HEAUY PAIN STRIUING STRUGGLING,1046
ᛏᚹᚩ-ᛠᚱᛋ-ᛁᚾ-ᚳᛚᚩᛋᛖ-ᚢᚩᛚᚢᛏᛡᚾᛋ,TWO EARS IN KLOSE UOLUTIANS,865
ᚠᚱᚩᛗ-ᛒᛖᚾᛠᚦ-ᚻᛁᛋ-ᚩᚱᛒᛋ-ᚩᚠ-ᚢᛁᛋᛡᚾ,FROM BENEATH HIS ORBS OF UISIAN,833
ᛋᚻᚩᛏ-ᛋᛈᛁᚱᛝ-ᚩᚢᛏ-ᚪᚾᛞ-ᛈᛖᛏᚱᛁᚠᛁᛖᛞ,SHOT SPIRING OUT AND PETRIFIED,1043
ᚪᛋ-ᚦᛖᚣ-ᚷᚱᛖᚹ-ᚪᚾᛞ-ᚪ-ᚠᚩᚢᚱᚦ-ᚪᚷᛖ-ᛈᚪᛋᛋᛖᛞ,AS THEY GREW AND A FOURTH AGE PASSED,1362
ᚪᚾᛞ-ᚪ-ᛋᛏᚪᛏᛖ-ᚩᚠ-ᛞᛁᛋᛗᚪᛚ-ᚹᛟ,AND A STATE OF DISMAL WOE,1172
ᛁᚾ-ᚷᚻᚪᛋᛏᛚᚣ-ᛏᚩᚱᛗᛖᚾᛏ-ᛋᛁᚳᚳ,IN GHASTLY TORMENT SIKK,898
ᚻᚪᛝᛝ-ᚢᛈᚩᚾ-ᚦᛖ-ᚹᛁᚾᛞ,HAINGING UPON THE WIND,600
ᛏᚹᚩ-ᚾᚩᛋᛏᚱᛁᛚᛋ-ᛒᛖᚾᛏ-ᛞᚩᚹᚾ-ᛏᚩ-ᚦᛖ-ᛞᛖᛖᛈ,TWO NOSTRILS BENT DOWN TO THE DEEP,1165
ᚪᚾᛞ-ᚪ-ᚠᛁᚠᚦ-ᚪᚷᛖ-ᛈᚪᛋᛋᛖᛞ-ᚩᚢᛖᚱ,AND A FIFTH AGE PASSED OUER,1023
ᚪᚾᛞ-ᚪ-ᛋᛏᚪᛏᛖ-ᚩᚠ-ᛞᛁᛋᛗᚪᛚ-ᚹᛟ,AND A STATE OF DISMAL WOE,1172
ᛁᚾ-ᚷᚻᚪᛋᛏᛚᚣ-ᛏᚩᚱᛗᛖᚾᛏ-ᛋᛁᚳᚳ,IN GHASTLY TORMENT SIKK,898
ᚹᛁᚦᛁᚾ-ᚻᛁᛋ-ᚱᛁᛒᛋ-ᛒᛚᚩᚪᛏᛖᛞ-ᚱᚩᚢᚾᛞ,WITHIN HIS RIBS BLOATED ROUND,970
ᚪ-ᚳᚱᚪᚢᛝ-ᚻᚢᛝᚱᚣ-ᚳᚪᚢᛖᚱᚾ,A KRAUING HUINGRY KAUERN,739
ᚦᛖᚾᚳᛖ-ᚪᚱᚩᛋᛖ-ᚻᛁᛋ-ᚳᚻᚪᚾᚾᛖᛚᛞ-ᚦᚱᚩᚪᛏ,THENKE AROSE HIS KHANNELD THROAT,1122
ᚪᚾᛞ-ᛚᛁᚳᛖ-ᚪ-ᚱᛖᛞ-ᚠᛚᚪᛗᛖ-ᚪ-ᛏᚩᛝᚢᛖ,AND LIKE A RED FLAME A TOINGUE,1285
ᚩᚠ-ᚦᛁᚱᛋᛏ-ᚪᚾᛞ-ᚩᚠ-ᚻᚢᛝᛖᚱ-ᚪᛈᛈᛠᚱᛞ,OF THIRST AND OF HUINGER APPEARD,967
ᚪᚾᛞ-ᚪ-ᛋᛁᛉᚦ-ᚪᚷᛖ-ᛈᚪᛋᛋᛖᛞ-ᚩᚢᛖᚱ,AND A SIXTH AGE PASSED OUER,1119
ᚪᚾᛞ-ᚪ-ᛋᛏᚪᛏᛖ-ᚩᚠ-ᛞᛁᛋᛗᚪᛚ-ᚹᛟ,AND A STATE OF DISMAL WOE,1172
ᛖᚾᚱᚪᚷᛖᛞ-ᚪᚾᛞ-ᛋᛏᛁᚠᛚᛖᛞ-ᚹᛁᚦ-ᛏᚩᚱᛗᛖᚾᛏ,ENRAGED AND STIFLED WITH TORMENT,1324
ᚻᛖ-ᚦᚱᛖᚹ-ᚻᛁᛋ-ᚱᛁᚷᚻᛏ-ᚪᚱᛗ-ᛏᚩ-ᚦᛖ-ᚾᚩᚱᚦ,HE THREW HIS RIGHT ARM TO THE NORTH,809
ᚻᛁᛋ-ᛚᛖᚠᛏ-ᚪᚱᛗ-ᛏᚩ-ᚦᛖ-ᛋᚩᚢᚦ,HIS LEFT ARM TO THE SOUTH,693
ᛋᚻᚩᚩᛏᛝ-ᚩᚢᛏ-ᛁᚾ-ᚪᛝᚢᛁᛋᚻ-ᛞᛖᛖᛈ,SHOOTING OUT IN AINGUISH DEEP,909
ᚪᚾᛞ-ᚻᛁᛋ-ᚠᛖᛖᛏ-ᛋᛏᚪᛗᛈᛞ-ᚦᛖ-ᚾᛖᚦᛖᚱ-ᚪᛒᚣᛋᛋ,AND HIS FEET STAMPD THE NETHER ABYSS,1547
ᛁᚾ-ᛏᚱᛖᛗᛒᛚᛝ-ᚪᚾᛞ-ᚻᚩᚹᛚᛝ-ᚪᚾᛞ-ᛞᛁᛋᛗᚪᚣ,IN TREMBLING AND HOWLING AND DISMAY,1556
ᚪᚾᛞ-ᚪ-ᛋᛖᚢᛖᚾᚦ-ᚪᚷᛖ-ᛈᚪᛋᛋᛖᛞ-ᚩᚢᛖᚱ,AND A SEUENTH AGE PASSED OUER,1207
ᚪᚾᛞ-ᚪ-ᛋᛏᚪᛏᛖ-ᚩᚠ-ᛞᛁᛋᛗᚪᛚ-ᚹᛟ,AND A STATE OF DISMAL WOE,1172
ᛁᚾ-ᛏᛖᚱᚱᚩᚱᛋ-ᛚᚩᛋ-ᛋᚻᚱᚢᚾᚳ-ᚠᚱᚩᛗ-ᚻᛁᛋ-ᛏᚪᛋᚳ,IN TERRORS LOS SHRUNK FROM HIS TASK,964
ᚻᛁᛋ-ᚷᚱᛠᛏ-ᚻᚪᛗᛗᛖᚱ-ᚠᛖᛚᛚ-ᚠᚱᚩᛗ-ᚻᛁᛋ-ᚻᚪᚾᛞ,HIS GREAT HAMMER FELL FROM HIS HAND,1294
ᚻᛁᛋ-ᚠᛁᚱᛖᛋ-ᛒᛖᚻᛖᛚᛞ-ᚪᚾᛞ-ᛋᛁᚳᚳᛖᚾᛝ,HIS FIRES BEHELD AND SIKKENING,1151
ᚻᛁᛞ-ᚦᛖᛁᚱ-ᛋᛏᚱᚩᛝ-ᛚᛁᛗᛒᛋ-ᛁᚾ-ᛋᛗᚩᚳᛖ,HID THEIR STROING LIMBS IN SMOKE,1026
ᚠᚩᚱ-ᚹᛁᚦ-ᚾᚩᛁᛋᛖᛋ-ᚱᚢᛁᚾᚩᚢᛋ-ᛚᚩᚢᛞ,FOR WITH NOISES RUINOUS LOUD,624
ᚹᛁᚦ-ᚻᚢᚱᛏᛚᛝᛋ-ᚪᚾᛞ-ᚳᛚᚪᛋᚻᛝᛋ-ᚪᚾᛞ-ᚷᚱᚩᚪᚾᛋ,WITH HURTLINGS AND KLASHINGS AND GROANS,1391
ᚦᛖ-ᛁᛗᛗᚩᚱᛏᚪᛚ-ᛖᚾᛞᚢᚱᛞ-ᚻᛁᛋ-ᚳᚻᚪᛁᚾᛋ,THE IMMORTAL ENDURD HIS KHAINS,1133
ᚦᚩ-ᛒᚩᚢᚾᛞ-ᛁᚾ-ᚪ-ᛞᛠᛞᛚᚣ-ᛋᛚᛖᛖᛈ,THO BOUND IN A DEADLY SLEEP,1124
ᚪᛚᛚ-ᚦᛖ-ᛗᚣᚱᛡᛞᛋ-ᚩᚠ-ᛖᛏᛖᚱᚾᛁᛏᚣ,ALL THE MYRIADS OF ETERNITY,1184
ᚪᛚᛚ-ᚦᛖ-ᚹᛁᛋᛞᚩᛗ-ᚪᚾᛞ-ᛄᚩᚣ-ᚩᚠ-ᛚᛁᚠᛖ,ALL THE WISDOM AND JOY OF LIFE,1129
ᚱᚩᛚᛚ-ᛚᛁᚳᛖ-ᚪ-ᛋᛠ-ᚪᚱᚩᚢᚾᛞ-ᚻᛁᛗ,ROLL LIKE A SEA AROUND HIM,968
ᛖᛉᚳᛖᛈᛏ-ᚹᚻᚪᛏ-ᚻᛁᛋ-ᛚᛁᛏᛏᛚᛖ-ᚩᚱᛒᛋ,EXKEPT WHAT HIS LITTLE ORBS,1095
ᚩᚠ-ᛋᛁᚷᚻᛏ-ᛒᚣ-ᛞᛖᚷᚱᛖᛖᛋ-ᚢᚾᚠᚩᛚᛞ,OF SIGHT BY DEGREES UNFOLD,930
ᚪᚾᛞ-ᚾᚩᚹ-ᚻᛁᛋ-ᛖᛏᛖᚱᚾᚪᛚ-ᛚᛁᚠᛖ,AND NOW HIS ETERNAL LIFE,953
ᛚᛁᚳᛖ-ᚪ-ᛞᚱᛠᛗ-ᚹᚪᛋ-ᚩᛒᛚᛁᛏᛖᚱᚪᛏᛖᛞ,LIKE A DREAM WAS OBLITERATED,1351
ᛋᚻᚢᛞᛞᚱᛝ-ᚦᛖ-ᛖᛏᛖᚱᚾᚪᛚ-ᛈᚱᚩᛈᚻᛖᛏ-ᛋᛗᚩᛏᛖ,SHUDDRING THE ETERNAL PROPHET SMOTE,1332
ᚹᛁᚦ-ᚪ-ᛋᛏᚱᚩᚳᛖ-ᚠᚱᚩᛗ-ᚻᛁᛋ-ᚾᚩᚱᚦ-ᛏᚩ-ᛋᚩᚢᚦ-ᚱᛖᚷᛡᚾ,WITH A STROKE FROM HIS NORTH TO SOUTH REGIAN,977
ᚦᛖ-ᛒᛖᛚᛚᚩᚹᛋ-ᚪᚾᛞ-ᚻᚪᛗᛗᛖᚱ-ᚪᚱᛖ-ᛋᛁᛚᛖᚾᛏ-ᚾᚩᚹ,THE BELLOWS AND HAMMER ARE SILENT NOW,1522
ᚪ-ᚾᛖᚱᚢᛖᛚᛖᛋᛋ-ᛋᛁᛚᛖᚾᚳᛖ-ᚻᛁᛋ-ᛈᚱᚩᛈᚻᛖᛏᛁᚳ-ᚢᚩᛁᚳᛖ,A NERUELESS SILENKE HIS PROPHETIK UOIKE,1378
ᛋᛁᛖᛋᛞ-ᚪ-ᚳᚩᛚᛞ-ᛋᚩᛚᛁᛏᚢᛞᛖ-ᚪᚾᛞ-ᛞᚪᚱᚳ-ᚢᚩᛁᛞ,SIESD A KOLD SOLITUDE AND DARK UOID,1509
ᚦᛖ-ᛖᛏᛖᚱᚾᚪᛚ-ᛈᚱᚩᛈᚻᛖᛏ-ᚪᚾᛞ-ᚢᚱᛁᛋᛖᚾ-ᚳᛚᚩᛋᛞ,THE ETERNAL PROPHET AND URISEN KLOSD,1372
ᚪᚷᛖᛋ-ᚩᚾ-ᚪᚷᛖᛋ-ᚱᚩᛚᛚᛞ-ᚩᚢᛖᚱ-ᚦᛖᛗ,AGES ON AGES ROLLD OUER THEM,988
ᚳᚢᛏ-ᚩᚠᚠ-ᚠᚱᚩᛗ-ᛚᛁᚠᛖ-ᚪᚾᛞ-ᛚᛁᚷᚻᛏ-ᚠᚱᚩᛋᛖᚾ,KUT OFF FROM LIFE AND LIGHT FROSEN,937
ᛁᚾᛏᚩ-ᚻᚩᚱᚱᛁᛒᛚᛖ-ᚠᚩᚱᛗᛋ-ᚩᚠ-ᛞᛖᚠᚩᚱᛗᛁᛏᚣ,INTO HORRIBLE FORMS OF DEFORMITY,1003
ᛚᚩᛋ-ᛋᚢᚠᚠᛖᚱᛞ-ᚻᛁᛋ-ᚠᛁᚱᛖᛋ-ᛏᚩ-ᛞᛖᚳᚪᚣ,LOS SUFFERD HIS FIRES TO DEKAY,1066
ᚦᛖᚾ-ᚻᛖ-ᛚᚩᚩᚳᛞ-ᛒᚪᚳᚳ-ᚹᛁᚦ-ᚪᚾᛉᛡᚢᛋ-ᛞᛖᛋᛁᚱᛖ,THEN HE LOOKD BAKK WITH ANXIAUS DESIRE,1273
ᛒᚢᛏ-ᚦᛖ-ᛋᛈᚪᚳᛖ-ᚢᚾᛞᛁᚢᛁᛞᛖᛞ-ᛒᚣ-ᛖᛉᛁᛋᛏᛖᚾᚳᛖ,BUT THE SPAKE UNDIUIDED BY EXISTENKE,1496
ᛋᛏᚱᚢᚳᚳ-ᚻᚩᚱᚱᚩᚱ-ᛁᚾᛏᚩ-ᚻᛁᛋ-ᛋᚩᚢᛚ,STRUKK HORROR INTO HIS SOUL,591
ᛚᚩᛋ-ᚹᛖᛈᛏ-ᚩᛒᛋᚳᚢᚱᛞ-ᚹᛁᚦ-ᛗᚩᚢᚱᚾᛝ,LOS WEPT OBSKURD WITH MOURNING,813
ᚻᛁᛋ-ᛒᚩᛋᚩᛗ-ᛠᚱᚦᚢᚪᚳᛞ-ᚹᛁᚦ-ᛋᛁᚷᚻᛋ,HIS BOSOM EARTHUAKD WITH SIGHS,865
ᚻᛖ-ᛋᚪᚹ-ᚢᚱᛁᛋᛖᚾ-ᛞᛠᛞᛚᚣ-ᛒᛚᚪᚳᚳ,HE SAW URISEN DEADLY BLAKK,1173
ᛁᚾ-ᚻᛁᛋ-ᚳᚻᚪᛁᚾᛋ-ᛒᚩᚢᚾᛞ-ᚪᚾᛞ-ᛈᛁᛏᚣ-ᛒᛖᚷᚪᚾ,IN HIS KHAINS BOUND AND PITY BEGAN,1324
ᛁᚾ-ᚪᛝᚢᛁᛋᚻ-ᛞᛁᚢᛁᛞᛝ-ᚪᚾᛞ-ᛞᛁᚢᛁᛞᛝ,IN AINGUISH DIUIDING AND DIUIDING,1205
ᚠᚩᚱ-ᛈᛁᛏᚣ-ᛞᛁᚢᛁᛞᛖᛋ-ᚦᛖ-ᛋᚩᚢᛚ,FOR PITY DIUIDES THE SOUL,827
ᛁᚾ-ᛈᚪᛝᛋ-ᛖᛏᛖᚱᚾᛁᛏᚣ-ᚩᚾ-ᛖᛏᛖᚱᚾᛁᛏᚣ,IN PAINGS ETERNITY ON ETERNITY,1220
ᛚᛁᚠᛖ-ᛁᚾ-ᚳᚪᛏᚪᚱᚪᚳᛏᛋ-ᛈᚩᚢᚱᛞ-ᛞᚩᚹᚾ-ᚻᛁᛋ-ᚳᛚᛁᚠᚠᛋ,LIFE IN KATARAKTS POURD DOWN HIS KLIFFS,1310
ᚦᛖ-ᚢᚩᛁᛞ-ᛋᚻᚱᚢᚾᚳ-ᚦᛖ-ᛚᚣᛗᛈᚻ-ᛁᚾᛏᚩ-ᚾᛖᚱᚢᛖᛋ,THE UOID SHRUNK THE LYMPH INTO NERUES,1075
ᚹᚪᚾᛞᚱᛝ-ᚹᛁᛞᛖ-ᚩᚾ-ᚦᛖ-ᛒᚩᛋᚩᛗ-ᚩᚠ-ᚾᛁᚷᚻᛏ,WANDRING WIDE ON THE BOSOM OF NIGHT,1005
ᚪᚾᛞ-ᛚᛖᚠᛏ-ᚪ-ᚱᚩᚢᚾᛞ-ᚷᛚᚩᛒᛖ-ᚩᚠ-ᛒᛚᚩᚩᛞ,AND LEFT A ROUND GLOBE OF BLOOD,1123
ᛏᚱᛖᛗᛒᛚᛝ-ᚢᛈᚩᚾ-ᚦᛖ-ᚢᚩᛁᛞ,TREMBLING UPON THE UOID,705
ᚦᚢᛋ-ᚦᛖ-ᛖᛏᛖᚱᚾᚪᛚ-ᛈᚱᚩᛈᚻᛖᛏ-ᚹᚪᛋ-ᛞᛁᚢᛁᛞᛖᛞ,THUS THE ETERNAL PROPHET WAS DIUIDED,1357
ᛒᛖᚠᚩᚱᛖ-ᚦᛖ-ᛞᛠᚦ-ᛁᛗᚪᚷᛖ-ᚩᚠ-ᚢᚱᛁᛋᛖᚾ,BEFORE THE DEATH IMAGE OF URISEN,976
ᚠᚩᚱ-ᛁᚾ-ᚳᚻᚪᛝᛠᛒᛚᛖ-ᚳᛚᚩᚢᛞᛋ-ᚪᚾᛞ-ᛞᚪᚱᚳᚾᛖᛋᛋ,FOR IN KHAINGEABLE KLOUDS AND DARKNESS,1467
ᛁᚾ-ᚪ-ᚹᛁᚾᛏᛖᚱᛚᚣ-ᚾᛁᚷᚻᛏ-ᛒᛖᚾᛠᚦ,IN A WINTERLY NIGHT BENEATH,979
ᚦᛖ-ᚪᛒᚣᛋᛋ-ᚩᚠ-ᛚᚩᛋ-ᛋᛏᚱᛖᛏᚳᚻᛞ-ᛁᛗᛗᛖᚾᛋᛖ,THE ABYSS OF LOS STRETKHD IMMENSE,1344
ᚪᚾᛞ-ᚾᚩᚹ-ᛋᛖᛖᚾ-ᚾᚩᚹ-ᚩᛒᛋᚳᚢᚱᛞ-ᛏᚩ-ᚦᛖ-ᛖᚣᛖᛋ,AND NOW SEEN NOW OBSKURD TO THE EYES,1206
ᚩᚠ-ᛖᛏᛖᚱᚾᚪᛚᛋ-ᚦᛖ-ᚢᛁᛋᛡᚾᛋ-ᚱᛖᛗᚩᛏᛖ,OF ETERNALS THE UISIANS REMOTE,1095
ᚩᚠ-ᚦᛖ-ᛞᚪᚱᚳ-ᛋᛖᛈᛖᚱᚪᛏᛡᚾ-ᚪᛈᛈᛠᚱᛞ,OF THE DARK SEPERATIAN APPEARD,1216
ᚪᛋ-ᚷᛚᚪᛋᛋᛖᛋ-ᛞᛁᛋᚳᚩᚢᛖᚱ-ᚹᚩᚱᛚᛞᛋ,AS GLASSES DISKOUER WORLDS,1089
ᛁᚾ-ᚦᛖ-ᛖᚾᛞᛚᛖᛋᛋ-ᚪᛒᚣᛋᛋ-ᚩᚠ-ᛋᛈᚪᚳᛖ,IN THE ENDLESS ABYSS OF SPAKE,1212
ᛋᚩ-ᚦᛖ-ᛖᛉᛈᚪᚾᛞᛝ-ᛖᚣᛖᛋ-ᚩᚠ-ᛁᛗᛗᚩᚱᛏᚪᛚᛋ,SO THE EXPANDING EYES OF IMMORTALS,1355
ᛒᛖᚻᛖᛚᛞ-ᚦᛖ-ᛞᚪᚱᚳ-ᚢᛁᛋᛡᚾᛋ-ᚩᚠ-ᛚᚩᛋ,BEHELD THE DARK UISIANS OF LOS,1080
ᚪᚾᛞ-ᚦᛖ-ᚷᛚᚩᛒᛖ-ᚩᚠ-ᛚᛁᚠᛖ-ᛒᛚᚩᚩᛞ-ᛏᚱᛖᛗᛒᛚᛝ,AND THE GLOBE OF LIFE BLOOD TREMBLING,1352
ᚦᛖ-ᚷᛚᚩᛒᛖ-ᚩᚠ-ᛚᛁᚠᛖ-ᛒᛚᚩᚩᛞ-ᛏᚱᛖᛗᛒᛚᛖᛞ,THE GLOBE OF LIFE BLOOD TREMBLED,1214
ᛒᚱᚪᚾᚳᚻᛝ-ᚩᚢᛏ-ᛁᚾᛏᚩ-ᚱᚩᚩᛏᛋ,BRANKHING OUT INTO ROOTS,645
ᚠᛁᛒᚱᚩᚢᛋ-ᚹᚱᛁᚦᛝ-ᚢᛈᚩᚾ-ᚦᛖ-ᚹᛁᚾᛞᛋ,FIBROUS WRITHING UPON THE WINDS,688
ᚠᛁᛒᚱᛖᛋ-ᚩᚠ-ᛒᛚᚩᚩᛞ-ᛗᛁᛚᚳ-ᚪᚾᛞ-ᛏᛠᚱᛋ,FIBRES OF BLOOD MILK AND TEARS,1106
ᛁᚾ-ᛈᚪᛝᛋ-ᛖᛏᛖᚱᚾᛁᛏᚣ-ᚩᚾ-ᛖᛏᛖᚱᚾᛁᛏᚣ,IN PAINGS ETERNITY ON ETERNITY,1220
ᚪᛏ-ᛚᛖᛝᚦ-ᛁᚾ-ᛏᛠᚱᛋ-ᚪᚾᛞ-ᚳᚱᛁᛖᛋ-ᛁᛗᛒᚩᛞᛁᛖᛞ,AT LEINGTH IN TEARS AND KRIES IMBODIED,1508
ᚪ-ᚠᛖᛗᚪᛚᛖ-ᚠᚩᚱᛗ-ᛏᚱᛖᛗᛒᛚᛝ-ᚪᚾᛞ-ᛈᚪᛚᛖ,A FEMALE FORM TREMBLING AND PALE,1481
ᚹᚪᚢᛖᛋ-ᛒᛖᚠᚩᚱᛖ-ᚻᛁᛋ-ᛞᛠᚦᚣ-ᚠᚪᚳᛖ,WAUES BEFORE HIS DEATHY FAKE,1046
ᚪᛚᛚ-ᛖᛏᛖᚱᚾᛁᛏᚣ-ᛋᚻᚢᛞᛞᛖᚱᛞ-ᚪᛏ-ᛋᛁᚷᚻᛏ,ALL ETERNITY SHUDDERD AT SIGHT,1432
ᚩᚠ-ᚦᛖ-ᚠᛁᚱᛋᛏ-ᚠᛖᛗᚪᛚᛖ-ᚾᚩᚹ-ᛋᛖᛈᚪᚱᚪᛏᛖ,OF THE FIRST FEMALE NOW SEPARATE,1163
ᛈᚪᛚᛖ-ᚪᛋ-ᚪ-ᚳᛚᚩᚢᛞ-ᚩᚠ-ᛋᚾᚩᚹ,PALE AS A KLOUD OF SNOW,829
ᚹᚪᚢᛝ-ᛒᛖᚠᚩᚱᛖ-ᚦᛖ-ᚠᚪᚳᛖ-ᚩᚠ-ᛚᚩᛋ,WAUING BEFORE THE FAKE OF LOS,806
ᚹᚩᚾᛞᛖᚱ-ᚪᚹᛖ-ᚠᛠᚱ-ᚪᛋᛏᚩᚾᛁᛋᚻᛗᛖᚾᛏ,WONDER AWE FEAR ASTONISHMENT,1105
ᛈᛖᛏᚱᛁᚠᚣ-ᚦᛖ-ᛖᛏᛖᚱᚾᚪᛚ-ᛗᚣᚱᛡᛞᛋ,PETRIFY THE ETERNAL MYRIADS,1225
ᚪᛏ-ᚦᛖ-ᚠᛁᚱᛋᛏ-ᚠᛖᛗᚪᛚᛖ-ᚠᚩᚱᛗ-ᚾᚩᚹ-ᛋᛖᛈᚪᚱᚪᛏᛖ,AT THE FIRST FEMALE FORM NOW SEPARATE,1401
ᚦᛖᚣ-ᚳᚪᛚᛚᛞ-ᚻᛖᚱ-ᛈᛁᛏᚣ-ᚪᚾᛞ-ᚠᛚᛖᛞ,THEY KALLD HER PITY AND FLED,1303
ᛋᛈᚱᛠᛞ-ᚪ-ᛏᛖᚾᛏ-ᚹᛁᚦ-ᛋᛏᚱᚩᛝ-ᚳᚢᚱᛏᚪᛁᚾᛋ-ᚪᚱᚩᚢᚾᛞ-ᚦᛖᛗ,SPREAD A TENT WITH STROING KURTAINS AROUND THEM,1555
ᛚᛖᛏ-ᚳᚩᚱᛞᛋ-ᚪᚾᛞ-ᛋᛏᚪᚳᛖᛋ-ᛒᛁᚾᛞ-ᛁᚾ-ᚦᛖ-ᚢᚩᛁᛞ,LET KORDS AND STAKES BIND IN THE UOID,1401
ᚦᚪᛏ-ᛖᛏᛖᚱᚾᚪᛚᛋ-ᛗᚪᚣ-ᚾᚩ-ᛗᚩᚱᛖ-ᛒᛖᚻᚩᛚᛞ-ᚦᛖᛗ,THAT ETERNALS MAY NO MORE BEHOLD THEM,1543
ᚦᛖᚣ-ᛒᛖᚷᚪᚾ-ᛏᚩ-ᚹᛠᚢᛖ-ᚳᚢᚱᛏᚪᛁᚾᛋ-ᚩᚠ-ᛞᚪᚱᚳᚾᛖᛋᛋ,THEY BEGAN TO WEAUE KURTAINS OF DARKNESS,1427
ᚦᛖᚣ-ᛖᚱᛖᚳᛏᛖᛞ-ᛚᚪᚱᚷᛖ-ᛈᛁᛚᛚᚪᚱᛋ-ᚱᚩᚢᚾᛞ-ᚦᛖ-ᚢᚩᛁᛞ,THEY EREKTED LARGE PILLARS ROUND THE UOID,1535
ᚹᛁᚦ-ᚷᚩᛚᛞᛖᚾ-ᚻᚩᚩᚳᛋ-ᚠᚪᛋᛏᛖᚾᛞ-ᛁᚾ-ᚦᛖ-ᛈᛁᛚᛚᚪᚱᛋ,WITH GOLDEN HOOKS FASTEND IN THE PILLARS,1349
ᚹᛁᚦ-ᛁᚾᚠᛁᚾᛁᛏᛖ-ᛚᚪᛒᚩᚢᚱ-ᚦᛖ-ᛖᛏᛖᚱᚾᚪᛚᛋ,WITH INFINITE LABOUR THE ETERNALS,1114
ᚪ-ᚹᚩᚩᚠ-ᚹᚩᚢᛖ-ᚪᚾᛞ-ᚳᚪᛚᛚᛖᛞ-ᛁᛏ-ᛋᚳᛁᛖᚾᚳᛖ,A WOOF WOUE AND KALLED IT SKIENKE,1218
ᛒᚢᛏ-ᛚᚩᛋ-ᛋᚪᚹ-ᚦᛖ-ᚠᛖᛗᚪᛚᛖ-ᚪᚾᛞ-ᛈᛁᛏᛁᛖᛞ,BUT LOS SAW THE FEMALE AND PITIED,1409
ᚻᛖ-ᛖᛗᛒᚱᚪᚳᛞ-ᚻᛖᚱ-ᛋᚻᛖ-ᚹᛖᛈᛏ-ᛋᚻᛖ-ᚱᛖᚠᚢᛋᛞ,HE EMBRAKD HER SHE WEPT SHE REFUSD,1299
ᛁᚾ-ᛈᛖᚱᚢᛖᚱᛋᛖ-ᚪᚾᛞ-ᚳᚱᚢᛖᛚ-ᛞᛖᛚᛁᚷᚻᛏ,IN PERUERSE AND KRUEL DELIGHT,1123
ᛋᚻᛖ-ᚠᛚᛖᛞ-ᚠᚱᚩᛗ-ᚻᛁᛋ-ᚪᚱᛗᛋ-ᚣᛖᛏ-ᚻᛖ-ᚠᚩᛚᛚᚩᚹᛞ,SHE FLED FROM HIS ARMS YET HE FOLLOWD,1393
ᛖᛏᛖᚱᚾᛁᛏᚣ-ᛋᚻᚢᛞᛞᛖᚱᛞ-ᚹᚻᛖᚾ-ᚦᛖᚣ-ᛋᚪᚹ,ETERNITY SHUDDERD WHEN THEY SAW,1332
ᛗᚪᚾ-ᛒᛖᚷᛖᛏᛏᛝ-ᚻᛁᛋ-ᛚᛁᚳᛖᚾᛖᛋᛋ,MAN BEGETTING HIS LIKENESS,1099
ᚩᚾ-ᚻᛁᛋ-ᚩᚹᚾ-ᛞᛁᚢᛁᛞᛖᛞ-ᛁᛗᚪᚷᛖ,ON HIS OWN DIUIDED IMAGE,880
ᚪ-ᛏᛁᛗᛖ-ᛈᚪᛋᛋᛖᛞ-ᚩᚢᛖᚱ-ᚦᛖ-ᛖᛏᛖᚱᚾᚪᛚᛋ,A TIME PASSED OUER THE ETERNALS,1343
ᛒᛖᚷᚪᚾ-ᛏᚩ-ᛖᚱᛖᚳᛏ-ᚦᛖ-ᛏᛖᚾᛏ,BEGAN TO EREKT THE TENT,840
ᚹᚻᛖᚾ-ᛖᚾᛁᚦᚪᚱᛗᚩᚾ-ᛋᛁᚳᚳ,WHEN ENITHARMON SIKK,595
ᚠᛖᛚᛏ-ᚪ-ᚹᚩᚱᛗ-ᚹᛁᚦᛁᚾ-ᚻᛖᚱ-ᚹᚩᛗᛒ,FELT A WORM WITHIN HER WOMB,780
ᚣᛖᛏ-ᚻᛖᛚᛈᛚᛖᛋᛋ-ᛁᛏ-ᛚᚪᚣ-ᛚᛁᚳᛖ-ᚪ-ᚹᚩᚱᛗ,YET HELPLESS IT LAY LIKE A WORM,1433
ᛁᚾ-ᚦᛖ-ᛏᚱᛖᛗᛒᛚᛝ-ᚹᚩᛗᛒ,IN THE TREMBLING WOMB,711
ᛏᚩ-ᛒᛖ-ᛗᚩᚢᛚᛞᛖᛞ-ᛁᚾᛏᚩ-ᛖᛉᛁᛋᛏᛖᚾᚳᛖ,TO BE MOULDED INTO EXISTENKE,1152
ᚪᛚᛚ-ᛞᚪᚣ-ᚦᛖ-ᚹᚩᚱᛗ-ᛚᚪᚣ-ᚩᚾ-ᚻᛖᚱ-ᛒᚩᛋᚩᛗ,ALL DAY THE WORM LAY ON HER BOSOM,1321
ᚪᛚᛚ-ᚾᛁᚷᚻᛏ-ᚹᛁᚦᛁᚾ-ᚻᛖᚱ-ᚹᚩᛗᛒ,ALL NIGHT WITHIN HER WOMB,776
ᚦᛖ-ᚹᚩᚱᛗ-ᛚᚪᚣ-ᛏᛁᛚᛚ-ᛁᛏ-ᚷᚱᛖᚹ-ᛏᚩ-ᚪ-ᛋᛖᚱᛈᛖᚾᛏ,THE WORM LAY TILL IT GREW TO A SERPENT,1385
ᚹᛁᚦ-ᛞᚩᛚᚩᚱᚩᚢᛋ-ᚻᛁᛋᛋᛝᛋ-ᚪᚾᛞ-ᛈᚩᛁᛋᚩᚾᛋ,WITH DOLOROUS HISSINGS AND POISONS,1035
ᚱᚩᚢᚾᛞ-ᛖᚾᛁᚦᚪᚱᛗᚩᚾᛋ-ᛚᚩᛁᚾᛋ-ᚠᚩᛚᛞᛝ,ROUND ENITHARMONS LOINS FOLDING,982
ᚳᚩᛁᛚᛞ-ᚹᛁᚦᛁᚾ-ᛖᚾᛁᚦᚪᚱᛗᚩᚾᛋ-ᚹᚩᛗᛒ,KOILD WITHIN ENITHARMONS WOMB,886
ᚦᛖ-ᛋᛖᚱᛈᛖᚾᛏ-ᚷᚱᛖᚹ-ᚳᚪᛋᛏᛝ-ᛁᛏᛋ-ᛋᚳᚪᛚᛖᛋ,THE SERPENT GREW KASTING ITS SKALES,1315
ᚹᛁᚦ-ᛋᚻᚪᚱᛈ-ᛈᚪᛝᛋ-ᚦᛖ-ᚻᛁᛋᛋᛝᛋ-ᛒᛖᚷᚪᚾ,WITH SHARP PAINGS THE HISSINGS BEGAN,1189
ᛏᚩ-ᚳᚻᚪᛝᛖ-ᛏᚩ-ᚪ-ᚷᚱᚪᛏᛝ-ᚳᚱᚣ,TO KHAINGE TO A GRATING KRY,898
ᛗᚪᚾᚣ-ᛋᚩᚱᚱᚩᚹᛋ-ᚪᚾᛞ-ᛞᛁᛋᛗᚪᛚ-ᚦᚱᛟᛋ,MANY SORROWS AND DISMAL THROES,1242
ᛗᚪᚾᚣ-ᚠᚩᚱᛗᛋ-ᚩᚠ-ᚠᛁᛋᚻ-ᛒᛁᚱᛞ-ᚪᚾᛞ-ᛒᛠᛋᛏ,MANY FORMS OF FISH BIRD AND BEAST,1251
ᛒᚱᚩᚢᚷᚻᛏ-ᚠᚩᚱᚦ-ᚪᚾ-ᛁᚾᚠᚪᚾᛏ-ᚠᚩᚱᛗ,BROUGHT FORTH AN INFANT FORM,670
ᚹᚻᛖᚱᛖ-ᚹᚪᛋ-ᚪ-ᚹᚩᚱᛗ-ᛒᛖᚠᚩᚱᛖ,WHERE WAS A WORM BEFORE,776
ᚦᛖ-ᛖᛏᛖᚱᚾᚪᛚᛋ-ᚦᛖᛁᚱ-ᛏᛖᚾᛏ-ᚠᛁᚾᛁᛋᚻᛖᛞ,THE ETERNALS THEIR TENT FINISHED,1181
ᚪᛚᚪᚱᛗᛞ-ᚹᛁᚦ-ᚦᛖᛋᛖ-ᚷᛚᚩᚩᛗᚣ-ᚢᛁᛋᛡᚾᛋ,ALARMD WITH THESE GLOOMY UISIANS,1239
ᚹᚻᛖᚾ-ᛖᚾᛁᚦᚪᚱᛗᚩᚾ-ᚷᚱᚩᚪᚾᛝ,WHEN ENITHARMON GROANING,725
ᛈᚱᚩᛞᚢᚳᛞ-ᚪ-ᛗᚪᚾ-ᚳᚻᛁᛚᛞ-ᛏᚩ-ᚦᛖ-ᛚᛁᚷᚻᛏ,PRODUKD A MAN KHILD TO THE LIGHT,1119
ᚪ-ᛋᚻᚱᛁᛖᚳ-ᚱᚪᚾ-ᚦᚱᚩ-ᛖᛏᛖᚱᚾᛁᛏᚣ,A SHRIEK RAN THRO ETERNITY,881
ᚪᚾᛞ-ᚪ-ᛈᚪᚱᚪᛚᚣᛏᛁᚳ-ᛋᛏᚱᚩᚳᛖ,AND A PARALYTIK STROKE,1049
ᚪᛏ-ᚦᛖ-ᛒᛁᚱᚦ-ᚩᚠ-ᚦᛖ-ᚻᚢᛗᚪᚾ-ᛋᚻᚪᛞᚩᚹ,AT THE BIRTH OF THE HUMAN SHADOW,928
ᛞᛖᛚᚢᛝ-ᛠᚱᚦ-ᛁᚾ-ᚻᛁᛋ-ᚱᛖᛋᛁᛋᛏᛚᛖᛋᛋ-ᚹᚪᚣ,DELUING EARTH IN HIS RESISTLESS WAY,1342
ᚻᚩᚹᛚᛝ-ᚦᛖ-ᚳᚻᛁᛚᛞ-ᚹᛁᚦ-ᚠᛁᛖᚱᚳᛖ-ᚠᛚᚪᛗᛖᛋ,HOWLING THE KHILD WITH FIERKE FLAMES,1111
ᛁᛋᛋᚢᛞ-ᚠᚱᚩᛗ-ᛖᚾᛁᚦᚪᚱᛗᚩᚾ,ISSUD FROM ENITHARMON,667
ᚦᛖ-ᛖᛏᛖᚱᚾᚪᛚᛋ-ᚳᛚᚩᛋᛖᛞ-ᚦᛖ-ᛏᛖᚾᛏ,THE ETERNALS KLOSED THE TENT,1116
ᚦᛖᚣ-ᛒᛠᛏ-ᛞᚩᚹᚾ-ᚦᛖ-ᛋᛏᚪᚳᛖᛋ-ᚦᛖ-ᚳᚩᚱᛞᛋ,THEY BEAT DOWN THE STAKES THE KORDS,1207
ᛋᛏᚱᛖᛏᚳᚻᛞ-ᚠᚩᚱ-ᚪ-ᚹᚩᚱᚳ-ᚩᚠ-ᛖᛏᛖᚱᚾᛁᛏᚣ,STRETKHD FOR A WORK OF ETERNITY,976
ᚾᚩ-ᛗᚩᚱᛖ-ᛚᚩᛋ-ᛒᛖᚻᛖᛚᛞ-ᛖᛏᛖᚱᚾᛁᛏᚣ,NO MORE LOS BEHELD ETERNITY,1131
ᛁᚾ-ᚻᛁᛋ-ᚻᚪᚾᛞᛋ-ᚻᛖ-ᛋᛁᛖᛋᛞ-ᚦᛖ-ᛁᚾᚠᚪᚾᛏ,IN HIS HANDS HE SIESD THE INFANT,1160
ᚻᛖ-ᛒᚪᚦᛖᛞ-ᚻᛁᛗ-ᛁᚾ-ᛋᛈᚱᛝᛋ-ᚩᚠ-ᛋᚩᚱᚱᚩᚹ,HE BATHED HIM IN SPRINGS OF SORROW,950
ᚻᛖ-ᚷᚪᚢᛖ-ᚻᛁᛗ-ᛏᚩ-ᛖᚾᛁᚦᚪᚱᛗᚩᚾ,HE GAUE HIM TO ENITHARMON,812
ᚦᛖᚣ-ᚾᚪᛗᛖᛞ-ᚦᛖ-ᚳᚻᛁᛚᛞ-ᚩᚱᚳ-ᚻᛖ-ᚷᚱᛖᚹ,THEY NAMED THE KHILD ORK HE GREW,1064
ᚠᛖᛞ-ᚹᛁᚦ-ᛗᛁᛚᚳ-ᚩᚠ-ᛖᚾᛁᚦᚪᚱᛗᚩᚾ,FED WITH MILK OF ENITHARMON,757
ᛚᚩᛋ-ᚪᚹᚩᚳᛖ-ᚻᛖᚱ-ᚩ-ᛋᚩᚱᚱᚩᚹ-ᚪᚾᛞ-ᛈᚪᛁᚾ,LOS AWOKE HER O SORROW AND PAIN,967
ᚪ-ᛏᛁᚷᚻᛏᚾᛝ-ᚷᛁᚱᛞᛚᛖ-ᚷᚱᛖᚹ,A TIGHTNING GIRDLE GREW,796
ᚪᚱᚩᚢᚾᛞ-ᚻᛁᛋ-ᛒᚩᛋᚩᛗ-ᛁᚾ-ᛋᚩᛒᛒᛝᛋ,AROUND HIS BOSOM IN SOBBINGS,916
ᚻᛖ-ᛒᚢᚱᛋᛏ-ᚦᛖ-ᚷᛁᚱᛞᛚᛖ-ᛁᚾ-ᛏᚹᚪᛁᚾ,HE BURST THE GIRDLE IN TWAIN,932
ᛒᚢᛏ-ᛋᛏᛁᛚᛚ-ᚪᚾᚩᚦᛖᚱ-ᚷᛁᚱᛞᛚᛖ,BUT STILL ANOTHER GIRDLE,916
ᚩᛈᚱᛖᛋᛋᛞ-ᚻᛁᛋ-ᛒᚩᛋᚩᛗ-ᛁᚾ-ᛋᚩᛒᛒᛝᛋ,OPRESSD HIS BOSOM IN SOBBINGS,1003
ᚪᚷᚪᛁᚾ-ᚻᛖ-ᛒᚢᚱᛋᛏ-ᛁᛏ-ᚪᚷᚪᛁᚾ,AGAIN HE BURST IT AGAIN,909
ᚪᚾᚩᚦᛖᚱ-ᚷᛁᚱᛞᛚᛖ-ᛋᚢᚳᚳᛖᛖᛞᛋ,ANOTHER GIRDLE SUKKEEDS,862
ᚦᛖ-ᚷᛁᚱᛞᛚᛖ-ᚹᚪᛋ-ᚠᚩᚱᛗᛞ-ᛒᚣ-ᛞᚪᚣ,THE GIRDLE WAS FORMD BY DAY,1162
ᛒᚣ-ᚾᛁᚷᚻᛏ-ᚹᚪᛋ-ᛒᚢᚱᛋᛏ-ᛁᚾ-ᛏᚹᚪᛁᚾ,BY NIGHT WAS BURST IN TWAIN,974
ᚦᛖᛋᛖ-ᚠᚪᛚᛚᛝ-ᛞᚩᚹᚾ-ᚩᚾ-ᚦᛖ-ᚱᚩᚳᚳ,THESE FALLING DOWN ON THE ROKK,812
ᛁᚾᛏᚩ-ᚪᚾ-ᛁᚱᚩᚾ-ᚳᚻᚪᛁᚾ,INTO AN IRON KHAIN,523
ᛁᚾ-ᛠᚳᚻ-ᚩᚦᛖᚱ-ᛚᛁᚾᚳ-ᛒᚣ-ᛚᛁᚾᚳ-ᛚᚩᚳᚳᛞ,IN EAKH OTHER LINK BY LINK LOKKD,946
ᚦᛖᚣ-ᛏᚩᚩᚳ-ᚩᚱᚳ-ᛏᚩ-ᚦᛖ-ᛏᚩᛈ-ᚩᚠ-ᚪ-ᛗᚩᚢᚾᛏᚪᛁᚾ,THEY TOOK ORK TO THE TOP OF A MOUNTAIN,971
ᚩ-ᚻᚩᚹ-ᛖᚾᛁᚦᚪᚱᛗᚩᚾ-ᚹᛖᛈᛏ,O HOW ENITHARMON WEPT,591
ᚦᛖᚣ-ᚳᚻᚪᛁᚾᛞ-ᚻᛁᛋ-ᚣᚩᚢᛝ-ᛚᛁᛗᛒᛋ-ᛏᚩ-ᚦᛖ-ᚱᚩᚳᚳ,THEY KHAIND HIS YOUING LIMBS TO THE ROKK,1227
ᚹᛁᚦ-ᚦᛖ-ᚳᚻᚪᛁᚾ-ᚩᚠ-ᛄᛠᛚᚩᚢᛋᚣ,WITH THE KHAIN OF JEALOUSY,714
ᛒᛖᚾᛠᚦ-ᚢᚱᛁᛋᛖᚾᛋ-ᛞᛠᚦᚠᚢᛚ-ᛋᚻᚪᛞᚩᚹ,BENEATH URISENS DEATHFUL SHADOW,1087
ᚦᛖ-ᛞᛠᛞ-ᚻᛠᚱᛞ-ᚦᛖ-ᚢᚩᛁᚳᛖ-ᚩᚠ-ᚦᛖ-ᚳᚻᛁᛚᛞ,THE DEAD HEARD THE UOIKE OF THE KHILD,1094
ᚪᚾᛞ-ᛒᛖᚷᚪᚾ-ᛏᚩ-ᚪᚹᚪᚳᛖ-ᚠᚱᚩᛗ-ᛋᛚᛖᛖᛈ,AND BEGAN TO AWAKE FROM SLEEP,1239
ᚪᛚᛚ-ᚦᛝᛋ-ᚻᛠᚱᛞ-ᚦᛖ-ᚢᚩᛁᚳᛖ-ᚩᚠ-ᚦᛖ-ᚳᚻᛁᛚᛞ,ALL THINGS HEARD THE UOIKE OF THE KHILD,1115
ᚪᚾᛞ-ᛒᛖᚷᚪᚾ-ᛏᚩ-ᚪᚹᚪᚳᛖ-ᛏᚩ-ᛚᛁᚠᛖ,AND BEGAN TO AWAKE TO LIFE,1084
ᚪᚾᛞ-ᚢᚱᛁᛋᛖᚾ-ᚳᚱᚪᚢᛝ-ᚹᛁᚦ-ᚻᚢᛝᛖᚱ,AND URISEN KRAUING WITH HUINGER,850
ᛋᛏᚢᛝ-ᚹᛁᚦ-ᚦᛖ-ᚩᛞᚩᚢᚱᛋ-ᚩᚠ-ᚾᚪᛏᚢᚱᛖ,STUING WITH THE ODOURS OF NATURE,766
ᛖᛉᛈᛚᚩᚱᛞ-ᚻᛁᛋ-ᛞᛖᚾᛋ-ᚪᚱᚩᚢᚾᛞ,EXPLORD HIS DENS AROUND,918
ᚻᛖ-ᚠᚩᚱᛗᛞ-ᚪ-ᛚᛁᚾᛖ-ᚪᚾᛞ-ᚪ-ᛈᛚᚢᛗᛗᛖᛏ,HE FORMD A LINE AND A PLUMMET,1266
ᛏᚩ-ᛞᛁᚢᛁᛞᛖ-ᚦᛖ-ᚪᛒᚣᛋᛋ-ᛒᛖᚾᛠᚦ,TO DIUIDE THE ABYSS BENEATH,1086
ᚻᛖ-ᚠᚩᚱᛗᛞ-ᚪ-ᛞᛁᚢᛁᛞᛝ-ᚱᚢᛚᛖ,HE FORMD A DIUIDING RULE,843
ᚻᛖ-ᚠᚩᚱᛗᛖᛞ-ᛋᚳᚪᛚᛖᛋ-ᛏᚩ-ᚹᛖᛁᚷᚻ,HE FORMED SKALES TO WEIGH,916
ᚻᛖ-ᚠᚩᚱᛗᛖᛞ-ᛗᚪᛋᛋᚣ-ᚹᛖᛁᚷᚻᛏᛋ,HE FORMED MASSY WEIGHTS,983
ᚻᛖ-ᚠᚩᚱᛗᛖᛞ-ᚪ-ᛒᚱᚪᛋᛖᚾ-ᚢᚪᛞᚱᚪᚾᛏ,HE FORMED A BRASEN UADRANT,1137
ᚻᛖ-ᚠᚩᚱᛗᛖᛞ-ᚷᚩᛚᛞᛖᚾ-ᚳᚩᛗᛈᚪᛋᛋᛖᛋ,HE FORMED GOLDEN KOMPASSES,1076
ᚪᚾᛞ-ᛒᛖᚷᚪᚾ-ᛏᚩ-ᛖᛉᛈᛚᚩᚱᛖ-ᚦᛖ-ᚪᛒᚣᛋᛋ,AND BEGAN TO EXPLORE THE ABYSS,1306
ᚪᚾᛞ-ᚻᛖ-ᛈᛚᚪᚾᛏᛖᛞ-ᚪ-ᚷᚪᚱᛞᛖᚾ-ᚩᚠ-ᚠᚱᚢᛁᛏᛋ,AND HE PLANTED A GARDEN OF FRUITS,1337
ᛒᚢᛏ-ᛚᚩᛋ-ᛖᚾᚳᛁᚱᚳᛚᛖᛞ-ᛖᚾᛁᚦᚪᚱᛗᚩᚾ,BUT LOS ENKIRKLED ENITHARMON,996
ᚹᛁᚦ-ᚠᛁᚱᛖᛋ-ᚩᚠ-ᛈᚱᚩᛈᚻᛖᚳᚣ,WITH FIRES OF PROPHEKY,538
ᚠᚱᚩᛗ-ᚦᛖ-ᛋᛁᚷᚻᛏ-ᚩᚠ-ᚢᚱᛁᛋᛖᚾ-ᚪᚾᛞ-ᚩᚱᚳ,FROM THE SIGHT OF URISEN AND ORK,795
ᚪᚾᛞ-ᛋᚻᛖ-ᛒᚩᚱᛖ-ᚪᚾ-ᛖᚾᚩᚱᛗᚩᚢᛋ-ᚱᚪᚳᛖ,AND SHE BORE AN ENORMOUS RAKE,1066
ᚢᚱᛁᛋᛖᚾ-ᛖᛉᛈᛚᚩᚱᛞ-ᚻᛁᛋ-ᛞᛖᚾᛋ,URISEN EXPLORD HIS DENS,876
ᛗᚩᚢᚾᛏᚪᛁᚾ-ᛗᚩᚩᚱ-ᚪᚾᛞ-ᚹᛁᛚᛞᛖᚱᚾᛖᛋᛋ,MOUNTAIN MOOR AND WILDERNESS,1129
ᚹᛁᚦ-ᚪ-ᚷᛚᚩᛒᛖ-ᚩᚠ-ᚠᛁᚱᛖ-ᛚᛁᚷᚻᛏᛝ-ᚻᛁᛋ-ᛄᚩᚢᚱᚾᛖᚣ,WITH A GLOBE OF FIRE LIGHTING HIS JOURNEY,1143
ᚪ-ᚠᛠᚱᚠᚢᛚ-ᛄᚩᚢᚱᚾᛖᚣ-ᚪᚾᚾᚩᚣᛞ,A FEARFUL JOURNEY ANNOYD,908
ᛒᚣ-ᚳᚱᚢᛖᛚ-ᛖᚾᚩᚱᛗᛁᛏᛁᛖᛋ-ᚠᚩᚱᛗᛋ,BY KRUEL ENORMITIES FORMS,901
ᚩᚠ-ᛚᛁᚠᛖ-ᚩᚾ-ᚻᛁᛋ-ᚠᚩᚱᛋᚪᚳᛖᚾ-ᛗᚩᚢᚾᛏᚪᛁᚾᛋ,OF LIFE ON HIS FORSAKEN MOUNTAINS,983
ᚪᚾᛞ-ᚻᛁᛋ-ᚹᚩᚱᛚᛞ-ᛏᛖᛖᛗᛞ-ᚢᚪᛋᛏ-ᛖᚾᚩᚱᛗᛁᛏᛁᛖᛋ,AND HIS WORLD TEEMD UAST ENORMITIES,1512
ᚠᚱᛁᚷᚻᛏᚾᛝ-ᚠᚪᛁᚦᛚᛖᛋᛋ-ᚠᚪᚹᚾᛝ,FRIGHTNING FAITHLESS FAWNING,858
ᛈᚩᚱᛏᛡᚾᛋ-ᚩᚠ-ᛚᛁᚠᛖ-ᛋᛁᛗᛁᛚᛁᛏᚢᛞᛖᛋ,PORTIANS OF LIFE SIMILITUDES,1052
ᚩᚠ-ᚪ-ᚠᚩᚩᛏ-ᚩᚱ-ᚪ-ᚻᚪᚾᛞ-ᚩᚱ-ᚪ-ᚻᛠᛞ,OF A FOOT OR A HAND OR A HEAD,870
ᚩᚱ-ᚪ-ᚻᛠᚱᛏ-ᚩᚱ-ᚪᚾ-ᛖᚣᛖ-ᚦᛖᚣ-ᛋᚹᚪᛗ-ᛗᛁᛋᚳᚻᛖᚢᚩᚢᛋ,OR A HEART OR AN EYE THEY SWAM MISKHEUOUS,1437
ᛞᚱᛠᛞ-ᛏᛖᚱᚱᚩᚱᛋ-ᛞᛖᛚᛁᚷᚻᛏᛝ-ᛁᚾ-ᛒᛚᚩᚩᛞ,DREAD TERRORS DELIGHTING IN BLOOD,1252
ᛗᚩᛋᛏ-ᚢᚱᛁᛋᛖᚾ-ᛋᛁᚳᚳᛖᚾᛞ-ᛏᚩ-ᛋᛖᛖ,MOST URISEN SIKKEND TO SEE,932
ᚻᛁᛋ-ᛖᛏᛖᚱᚾᚪᛚ-ᚳᚱᛠᛏᛡᚾᛋ-ᚪᛈᛈᛠᚱ,HIS ETERNAL KREATIANS APPEAR,1194
ᛋᚩᚾᛋ-ᚪᚾᛞ-ᛞᚪᚢᚷᚻᛏᛖᚱᛋ-ᚩᚠ-ᛋᚩᚱᚱᚩᚹ-ᚩᚾ-ᛗᚩᚢᚾᛏᚪᛁᚾᛋ,SONS AND DAUGHTERS OF SORROW ON MOUNTAINS,1308
ᚹᛖᛖᛈᛝ-ᚹᚪᛁᛚᛝ-ᚠᛁᚱᛋᛏ-ᚦᛁᚱᛁᛖᛚ-ᚪᛈᛈᛠᚱᛞ,WEEPING WAILING FIRST THIRIEL APPEARD,1340
ᚪᛋᛏᚩᚾᛁᛋᚻᛞ-ᚪᛏ-ᚻᛁᛋ-ᚩᚹᚾ-ᛖᛉᛁᛋᛏᛖᚾᚳᛖ,ASTONISHD AT HIS OWN EXISTENKE,1192
ᛚᛁᚳᛖ-ᚪ-ᛗᚪᚾ-ᚠᚱᚩᛗ-ᚪ-ᚳᛚᚩᚢᛞ-ᛒᚩᚱᚾ-ᚪᚾᛞ-ᚢᚦᚪ,LIKE A MAN FROM A KLOUD BORN AND UTHA,1279
ᚠᚱᚩᛗ-ᚦᛖ-ᚹᚪᛏᛖᚱᛋ-ᛖᛗᛖᚱᚷᛝ-ᛚᚪᛗᛖᚾᛏᛋ,FROM THE WATERS EMERGING LAMENTS,1230
ᚷᚱᚩᛞᚾᚪ-ᚱᛖᚾᛏ-ᚦᛖ-ᛞᛖᛖᛈ-ᛠᚱᚦ-ᚻᚩᚹᛚᛝ,GRODNA RENT THE DEEP EARTH HOWLING,1080
ᚪᛗᚪᛋᛞ-ᚻᛁᛋ-ᚻᛠᚢᛖᚾᛋ-ᛁᛗᛗᛖᚾᛋᛖ-ᚳᚱᚪᚳᚳᛋ,AMASD HIS HEAUENS IMMENSE KRAKKS,1387
ᛚᛁᚳᛖ-ᚦᛖ-ᚷᚱᚩᚢᚾᛞ-ᛈᚪᚱᚳᚻᛞ-ᚹᛁᚦ-ᚻᛠᛏ-ᚦᛖᚾ-ᚠᚢᛋᚩᚾ,LIKE THE GROUND PARKHD WITH HEAT THEN FUSON,1129
ᚠᛚᚪᛗᛞ-ᚩᚢᛏ-ᚠᛁᚱᛋᛏ-ᛒᛖᚷᚩᛏᛏᛖᚾ-ᛚᚪᛋᛏ-ᛒᚩᚱᚾ,FLAMD OUT FIRST BEGOTTEN LAST BORN,1313
ᚪᛚᛚ-ᚻᛁᛋ-ᛖᛏᛖᚱᚾᚪᛚ-ᛋᚩᚾᛋ-ᛁᚾ-ᛚᛁᚳᛖ-ᛗᚪᚾᚾᛖᚱ,ALL HIS ETERNAL SONS IN LIKE MANNER,1443
ᚻᛁᛋ-ᛞᚪᚢᚷᚻᛏᛖᚱᛋ-ᚠᚱᚩᛗ-ᚷᚱᛖᛖᚾ-ᚻᛖᚱᛒᛋ-ᚪᚾᛞ-ᚳᚪᛏᛏᛚᛖ,HIS DAUGHTERS FROM GREEN HERBS AND KATTLE,1606
ᚠᚱᚩᛗ-ᛗᚩᚾᛋᛏᛖᚱᛋ-ᚪᚾᛞ-ᚹᚩᚱᛗᛋ-ᚩᚠ-ᚦᛖ-ᛈᛁᛏ,FROM MONSTERS AND WORMS OF THE PIT,1031
ᚻᛖ-ᛁᚾ-ᛞᚪᚱᚳᚾᛖᛋᛋ-ᚳᛚᚩᛋᛞ-ᚢᛁᛖᚹᛞ-ᚪᛚᛚ-ᚻᛁᛋ-ᚱᚪᚳᛖ,HE IN DARKNESS KLOSD UIEWD ALL HIS RAKE,1544
ᚪᚾᛞ-ᚻᛁᛋ-ᛋᚩᚢᛚ-ᛋᛁᚳᚳᛖᚾᛞ-ᚻᛖ-ᚳᚢᚱᛋᛞ,AND HIS SOUL SIKKEND HE KURSD,1012
ᛒᚩᚦ-ᛋᚩᚾᛋ-ᚪᚾᛞ-ᛞᚪᚢᚷᚻᛏᛖᚱᛋ-ᚠᚩᚱ-ᚻᛖ-ᛋᚪᚹ,BOTH SONS AND DAUGHTERS FOR HE SAW,1128
ᚦᚪᛏ-ᚾᚩ-ᚠᛚᛖᛋᚻ-ᚾᚩᚱ-ᛋᛈᛁᚱᛁᛏ-ᚳᚩᚢᛚᛞ-ᚳᛖᛖᛈ,THAT NO FLESH NOR SPIRIT KOULD KEEP,1065
ᚻᛁᛋ-ᛁᚱᚩᚾ-ᛚᚪᚹᛋ-ᚩᚾᛖ-ᛗᚩᛗᛖᚾᛏ,HIS IRON LAWS ONE MOMENT,834
ᚠᚩᚱ-ᚻᛖ-ᛋᚪᚹ-ᚦᚪᛏ-ᛚᛁᚠᛖ-ᛚᛁᚢᛞ-ᚢᛈᚩᚾ-ᛞᛠᚦ,FOR HE SAW THAT LIFE LIUD UPON DEATH,1094
ᚦᛖ-ᚩᛉ-ᛁᚾ-ᚦᛖ-ᛋᛚᚪᚢᚷᚻᛏᛖᚱ-ᚻᚩᚢᛋᛖ-ᛗᚩᚪᚾᛋ,THE OX IN THE SLAUGHTER HOUSE MOANS,1071
ᚦᛖ-ᛞᚩᚷ-ᚪᛏ-ᚦᛖ-ᚹᛁᚾᛏᚱᚣ-ᛞᚩᚩᚱ,THE DOG AT THE WINTRY DOOR,779
ᚪᚾᛞ-ᚻᛖ-ᚹᛖᛈᛏ-ᚪᚾᛞ-ᚻᛖ-ᚳᚪᛚᛚᛖᛞ-ᛁᛏ-ᛈᛁᛏᚣ,AND HE WEPT AND HE KALLED IT PITY,1536
ᚪᚾᛞ-ᚻᛁᛋ-ᛏᛠᚱᛋ-ᚠᛚᚩᚹᛖᛞ-ᛞᚩᚹᚾ-ᚩᚾ-ᚦᛖ-ᚹᛁᚾᛞᛋ,AND HIS TEARS FLOWED DOWN ON THE WINDS,1284
ᚳᚩᛚᛞ-ᚻᛖ-ᚹᚪᚾᛞᛖᚱᛞ-ᚩᚾ-ᚻᛁᚷᚻ-ᚩᚢᛖᚱ-ᚦᛖᛁᚱ-ᚳᛁᛏᛁᛖᛋ,KOLD HE WANDERD ON HIGH OUER THEIR KITIES,1259
ᛁᚾ-ᚹᛖᛖᛈᛝ-ᚪᚾᛞ-ᛈᚪᛁᚾ-ᚪᚾᛞ-ᚹᛟ,IN WEEPING AND PAIN AND WOE,1067
ᚪᚾᛞ-ᚹᚻᛖᚱᛖ-ᛖᚢᛖᚱ-ᚻᛖ-ᚹᚪᚾᛞᛖᚱᛞ-ᛁᚾ-ᛋᚩᚱᚱᚩᚹᛋ,AND WHERE EUER HE WANDERD IN SORROWS,1262
ᚢᛈᚩᚾ-ᚦᛖ-ᚪᚷᛖᛞ-ᚻᛠᚢᛖᚾᛋ,UPON THE AGED HEAUENS,708
ᚪ-ᚳᚩᛚᛞ-ᛋᚻᚪᛞᚩᚹ-ᚠᚩᛚᛚᚩᚹᛞ-ᛒᛖᚻᛁᚾᛞ-ᚻᛁᛗ,A KOLD SHADOW FOLLOWD BEHIND HIM,1262
ᛚᛁᚳᛖ-ᚪ-ᛋᛈᛁᛞᛖᚱᛋ-ᚹᛖᛒ-ᛗᚩᛁᛋᛏ-ᚳᚩᛚᛞ-ᚪᚾᛞ-ᛞᛁᛗ,LIKE A SPIDERS WEB MOIST KOLD AND DIM,1584
ᛞᚱᚪᚹᛝ-ᚩᚢᛏ-ᚠᚱᚩᛗ-ᚻᛁᛋ-ᛋᚩᚱᚱᚩᚹᛝ-ᛋᚩᚢᛚ,DRAWING OUT FROM HIS SORROWING SOUL,885
ᚦᛖ-ᛞᚢᛝᛇᚾ-ᛚᛁᚳᛖ-ᚻᛠᚢᛖᚾ-ᛞᛁᚢᛁᛞᛝ,THE DUINGEON LIKE HEAUEN DIUIDING,1050
ᚹᚻᛖᚱᛖ-ᛖᚢᛖᚱ-ᚦᛖ-ᚠᚩᚩᛏᛋᛏᛖᛈᛋ-ᚩᚠ-ᚢᚱᛁᛋᛖᚾ,WHERE EUER THE FOOTSTEPS OF URISEN,960
ᚹᚪᛚᚳᛞ-ᚩᚢᛖᚱ-ᚦᛖ-ᚳᛁᛏᛁᛖᛋ-ᛁᚾ-ᛋᚩᚱᚱᚩᚹ,WALKD OUER THE KITIES IN SORROW,873
ᛏᛁᛚᛚ-ᚪ-ᚹᛖᛒ-ᛞᚪᚱᚳ-ᚪᚾᛞ-ᚳᚩᛚᛞ-ᚦᚱᚩᚢᚷᚻᚩᚢᛏ-ᚪᛚᛚ,TILL A WEB DARK AND KOLD THROUGHOUT ALL,1465
ᚦᛖ-ᛏᚩᚱᛗᛖᚾᛏᛖᛞ-ᛖᛚᛖᛗᛖᚾᛏ-ᛋᛏᚱᛖᛏᚳᚻᛞ,THE TORMENTED ELEMENT STRETKHD,1338
ᚠᚱᚩᛗ-ᚦᛖ-ᛋᚩᚱᚱᚩᚹᛋ-ᚩᚠ-ᚢᚱᛁᛋᛖᚾᛋ-ᛋᚩᚢᛚ,FROM THE SORROWS OF URISENS SOUL,716
ᚪᚾᛞ-ᚦᛖ-ᚹᛖᛒ-ᛁᛋ-ᚪ-ᚠᛖᛗᚪᛚᛖ-ᛁᚾ-ᛖᛗᛒᚱᛡ,AND THE WEB IS A FEMALE IN EMBRIA,1369
ᚾᚩᚾᛖ-ᚳᚩᚢᛚᛞ-ᛒᚱᛠᚳ-ᚦᛖ-ᚹᛖᛒ-ᚾᚩ-ᚹᛝᛋ-ᚩᚠ-ᚠᛁᚱᛖ,NONE KOULD BREAK THE WEB NO WINGS OF FIRE,1037
ᛋᚩ-ᛏᚹᛁᛋᛏᛖᛞ-ᚦᛖ-ᚳᚩᚱᛞᛋ-ᚪᚾᛞ-ᛋᚩ-ᚳᚾᚩᛏᛏᛖᛞ,SO TWISTED THE KORDS AND SO KNOTTED,1280
ᚦᛖ-ᛗᛖᛋᚻᛖᛋ-ᛏᚹᛁᛋᛏᛖᛞ-ᛚᛁᚳᛖ-ᛏᚩ-ᚦᛖ-ᚻᚢᛗᚪᚾ-ᛒᚱᚪᛁᚾ,THE MESHES TWISTED LIKE TO THE HUMAN BRAIN,1557
ᚪᚾᛞ-ᚪᛚᛚ-ᚳᚪᛚᛚᛞ-ᛁᛏ-ᚦᛖ-ᚾᛖᛏ-ᚩᚠ-ᚱᛖᛚᛁᚷᛡᚾ,AND ALL KALLD IT THE NET OF RELIGIAN,1464
ᚦᛖᚾ-ᚦᛖ-ᛁᚾᚻᚪᛒᛁᛏᚪᚾᛏᛋ-ᚩᚠ-ᚦᚩᛋᛖ-ᚳᛁᛏᛁᛖᛋ,THEN THE INHABITANTS OF THOSE KITIES,1137
ᚠᛖᛚᛏ-ᚦᛖᛁᚱ-ᚾᛖᚱᚢᛖᛋ-ᚳᚻᚪᛝᛖ-ᛁᚾᛏᚩ-ᛗᚪᚱᚱᚩᚹ,FELT THEIR NERUES KHAINGE INTO MARROW,1166
ᚪᚾᛞ-ᚻᚪᚱᛞᛖᚾᛝ-ᛒᚩᚾᛖᛋ-ᛒᛖᚷᚪᚾ,AND HARDENING BONES BEGAN,1098
ᛁᚾ-ᛋᚹᛁᚠᛏ-ᛞᛁᛋᛠᛋᛖᛋ-ᚪᚾᛞ-ᛏᚩᚱᛗᛖᚾᛏᛋ,IN SWIFT DISEASES AND TORMENTS,1250
ᛁᚾ-ᚦᚱᚩᛒᛒᛝᛋ-ᚪᚾᛞ-ᛋᚻᚩᚩᛏᛝᛋ-ᚪᚾᛞ-ᚷᚱᛁᚾᛞᛝᛋ,IN THROBBINGS AND SHOOTINGS AND GRINDINGS,1357
ᚦᚱᚩ-ᚪᛚᛚ-ᚦᛖ-ᚳᚩᚪᛋᛏᛋ-ᛏᛁᛚᛚ-ᚹᛠᚳᛖᚾᛞ,THRO ALL THE KOASTS TILL WEAKEND,1182
ᚦᛖ-ᛋᛖᚾᛋᛖᛋ-ᛁᚾᚹᚪᚱᛞ-ᚱᚢᛋᚻᛞ-ᛋᚻᚱᛁᚾᚳᛝ,THE SENSES INWARD RUSHD SHRINKING,1088
ᛒᛖᚾᛠᚦ-ᚦᛖ-ᛞᚪᚱᚳ-ᚾᛖᛏ-ᚩᚠ-ᛁᚾᚠᛖᚳᛏᛡᚾ,BENEATH THE DARK NET OF INFEKTIAN,1054
ᛏᛁᛚᛚ-ᚦᛖ-ᛋᚻᚱᚢᚾᚳᛖᚾ-ᛖᚣᛖᛋ-ᚳᛚᚩᚢᛞᛖᛞ-ᚩᚢᛖᚱ,TILL THE SHRUNKEN EYES KLOUDED OUER,1255
ᛒᛞᛁᛋᚳᛖᚱᚾᛞ-ᚾᚩᛏ-ᚦᛖ-ᚹᚩᚢᛖᚾ-ᚻᛁᛈᚩᚳᚱᛁᛋᚣ,BDISKERND NOT THE WOUEN HIPOKRISY,1050
ᛒᚢᛏ-ᚦᛖ-ᛋᛏᚱᛠᚳᚣ-ᛋᛚᛁᛗᛖ-ᛁᚾ-ᚦᛖᛁᚱ-ᚻᛠᚢᛖᚾᛋ,BUT THE STREAKY SLIME IN THEIR HEAUENS,1296
ᛒᚱᚩᚢᚷᚻᛏ-ᛏᚩᚷᛖᚦᛖᚱ-ᛒᚣ-ᚾᚪᚱᚱᚩᚹᛝ-ᛈᛖᚱᚳᛖᛈᛏᛡᚾᛋ,BROUGHT TOGETHER BY NARROWING PERKEPTIANS,1323
ᚪᛈᛈᛠᚱᛞ-ᛏᚱᚪᚾᛋᛈᚪᚱᛖᚾᛏ-ᚪᛁᚱ-ᚠᚩᚱ-ᚦᛖᛁᚱ-ᛖᚣᛖᛋ,APPEARD TRANSPARENT AIR FOR THEIR EYES,1510
ᚷᚱᛖᚹ-ᛋᛗᚪᛚᛚ-ᛚᛁᚳᛖ-ᚦᛖ-ᛖᚣᛖᛋ-ᚩᚠ-ᚪ-ᛗᚪᚾ,GREW SMALL LIKE THE EYES OF A MAN,1330
ᚪᚾᛞ-ᛁᚾ-ᚱᛖᛈᛏᛁᛚᛖ-ᚠᚩᚱᛗᛋ-ᛋᚻᚱᛁᚾᚳᛝ-ᛏᚩᚷᛖᚦᛖᚱ,AND IN REPTILE FORMS SHRINKING TOGETHER,1242
ᚩᚠ-ᛋᛖᚢᛖᚾ-ᚠᛖᛖᛏ-ᛋᛏᚪᛏᚢᚱᛖ-ᚦᛖᚣ-ᚱᛖᛗᚪᛁᚾᛞ,OF SEUEN FEET STATURE THEY REMAIND,1342
ᛋᛁᛉ-ᛞᚪᚣᛋ-ᚦᛖᚣ-ᛋᚻᚱᚢᚾᚳ-ᚢᛈ-ᚠᚱᚩᛗ-ᛖᛉᛁᛋᛏᛖᚾᚳᛖ,SIX DAYS THEY SHRUNK UP FROM EXISTENKE,1350
ᚪᚾᛞ-ᚩᚾ-ᚦᛖ-ᛋᛖᚢᛖᚾᚦ-ᛞᚪᚣ-ᚦᛖᚣ-ᚱᛖᛋᛏᛖᛞ,AND ON THE SEUENTH DAY THEY RESTED,1357
ᚪᚾᛞ-ᚦᛖᚣ-ᛒᛚᛖᛋᛋᛞ-ᚦᛖ-ᛋᛖᚢᛖᚾᚦ-ᛞᚪᚣ-ᛁᚾ-ᛋᛁᚳᚳ-ᚻᚩᛈᛖ,AND THEY BLESSD THE SEUENTH DAY IN SIKK HOPE,1681
ᚪᚾᛞ-ᚠᚩᚱᚷᚩᛏ-ᚦᛖᛁᚱ-ᛖᛏᛖᚱᚾᚪᛚ-ᛚᛁᚠᛖ,AND FORGOT THEIR ETERNAL LIFE,1008
ᚪᚾᛞ-ᚦᛖᛁᚱ-ᚦᛁᚱᛏᚣ-ᚳᛁᛏᛁᛖᛋ-ᛞᛁᚢᛁᛞᛖᛞ,AND THEIR THIRTY KITIES DIUIDED,1191
ᛁᚾ-ᚠᚩᚱᛗ-ᚩᚠ-ᚪ-ᚻᚢᛗᚪᚾ-ᚻᛠᚱᛏ,IN FORM OF A HUMAN HEART,682
ᚾᚩ-ᛗᚩᚱᛖ-ᚳᚩᚢᛚᛞ-ᚦᛖᚣ-ᚱᛁᛋᛖ-ᚪᛏ-ᚹᛁᛚᛚ,NO MORE KOULD THEY RISE AT WILL,1066
ᛁᚾ-ᚦᛖ-ᛁᚾᚠᛁᚾᛁᛏᛖ-ᚢᚩᛁᛞ-ᛒᚢᛏ-ᛒᚩᚢᚾᛞ-ᛞᚩᚹᚾ,IN THE INFINITE UOID BUT BOUND DOWN,997
ᛏᚩ-ᛠᚱᚦ-ᛒᚣ-ᚦᛖᛁᚱ-ᚾᚪᚱᚱᚩᚹᛝ-ᛈᛖᚱᚳᛖᛈᛏᛡᚾᛋ,TO EARTH BY THEIR NARROWING PERKEPTIANS,1214
ᚦᛖᚣ-ᛚᛁᚢᛖᛞ-ᚪ-ᛈᛖᚱᛡᛞ-ᚩᚠ-ᚣᛠᚱᛋ,THEY LIUED A PERIAD OF YEARS,1137
ᚦᛖᚾ-ᛚᛖᚠᛏ-ᚪ-ᚾᚩᛁᛋᚩᛗ-ᛒᚩᛞᚣ,THEN LEFT A NOISOM BODY,857
ᛏᚩ-ᚦᛖ-ᛄᚪᚹᛋ-ᚩᚠ-ᛞᛖᚢᚩᚢᚱᛝ-ᛞᚪᚱᚳᚾᛖᛋᛋ,TO THE JAWS OF DEUOURING DARKNESS,1024
ᚪᚾᛞ-ᚦᛖᛁᚱ-ᚳᚻᛁᛚᛞᚱᛖᚾ-ᚹᛖᛈᛏ-ᚪᚾᛞ-ᛒᚢᛁᛚᛏ,AND THEIR KHILDREN WEPT AND BUILT,1295
ᛏᚩᛗᛒᛋ-ᛁᚾ-ᚦᛖ-ᛞᛖᛋᚩᛚᚪᛏᛖ-ᛈᛚᚪᚳᛖᛋ,TOMBS IN THE DESOLATE PLAKES,1241
ᚪᚾᛞ-ᚠᚩᚱᛗᛞ-ᛚᚪᚹᛋ-ᚩᚠ-ᛈᚱᚢᛞᛖᚾᚳᛖ-ᚪᚾᛞ-ᚳᚪᛚᛚᛞ-ᚦᛖᛗ,AND FORMD LAWS OF PRUDENKE AND KALLD THEM,1671
ᚦᛖ-ᛖᛏᛖᚱᚾᚪᛚ-ᛚᚪᚹᛋ-ᚩᚠ-ᚷᚩᛞ,THE ETERNAL LAWS OF GOD,839
ᚪᚾᛞ-ᚦᛖ-ᚦᛁᚱᛏᚣ-ᚳᛁᛏᛁᛖᛋ-ᚱᛖᛗᚪᛁᚾᛞ,AND THE THIRTY KITIES REMAIND,1145
ᛋᚢᚱᚱᚩᚢᚾᛞᛖᛞ-ᛒᚣ-ᛋᚪᛚᛏ-ᚠᛚᚩᚩᛞᛋ-ᚾᚩᚹ-ᚳᚪᛚᛚᛞ,SURROUNDED BY SALT FLOODS NOW KALLD,1439
ᚪᚠᚱᛁᚳᚪ-ᛁᛏᛋ-ᚾᚪᛗᛖ-ᚹᚪᛋ-ᚦᛖᚾ-ᛖᚷᚣᛈᛏ,AFRIKA ITS NAME WAS THEN EGYPT,1217
ᚦᛖ-ᚱᛖᛗᚪᛁᚾᛝ-ᛋᚩᚾᛋ-ᚩᚠ-ᚢᚱᛁᛋᛖᚾ,THE REMAINING SONS OF URISEN,802
ᛒᛖᚻᛖᛚᛞ-ᚦᛖᛁᚱ-ᛒᚱᛖᚦᚱᛖᚾ-ᛋᚻᚱᛁᚾᚳ-ᛏᚩᚷᛖᚦᛖᚱ,BEHELD THEIR BRETHREN SHRINK TOGETHER,1138
ᛒᛖᚾᛠᚦ-ᚦᛖ-ᚾᛖᛏ-ᚩᚠ-ᚢᚱᛁᛋᛖᚾ,BENEATH THE NET OF URISEN,701
ᛈᛖᚱᛋᚹᚪᛋᛡᚾ-ᚹᚪᛋ-ᛁᚾ-ᚢᚪᛁᚾ,PERSWASIAN WAS IN UAIN,868
ᚠᚩᚱ-ᚦᛖ-ᛠᚱᛋ-ᚩᚠ-ᚦᛖ-ᛁᚾᚻᚪᛒᛁᛏᚪᚾᛏᛋ,FOR THE EARS OF THE INHABITANTS,915
ᚹᛖᚱᛖ-ᚹᛁᚦᛖᚱᛞ-ᚪᚾᛞ-ᛞᛠᚠᛖᚾᛞ-ᚪᚾᛞ-ᚳᚩᛚᛞ,WERE WITHERD AND DEAFEND AND KOLD,1383
ᚪᚾᛞ-ᚦᛖᛁᚱ-ᛖᚣᛖᛋ-ᚳᚩᚢᛚᛞ-ᚾᚩᛏ-ᛞᛁᛋᚳᛖᚱᚾ,AND THEIR EYES KOULD NOT DISKERN,1192
ᚦᛖᛁᚱ-ᛒᚱᛖᚦᚱᛖᚾ-ᚩᚠ-ᚩᚦᛖᚱ-ᚳᛁᛏᛁᛖᛋ,THEIR BRETHREN OF OTHER KITIES,718
ᛋᚩ-ᚠᚢᛋᚩᚾ-ᚳᚪᛚᛚᛞ-ᚪᛚᛚ-ᛏᚩᚷᛖᚦᛖᚱ,SO FUSON KALLD ALL TOGETHER,975
ᚦᛖ-ᚱᛖᛗᚪᛁᚾᛝ-ᚳᚻᛁᛚᛞᚱᛖᚾ-ᚩᚠ-ᚢᚱᛁᛋᛖᚾ,THE REMAINING KHILDREN OF URISEN,996
ᚪᚾᛞ-ᚦᛖᚣ-ᛚᛖᚠᛏ-ᚦᛖ-ᛈᛖᚾᛞᚢᛚᚩᚢᛋ-ᛠᚱᚦ,AND THEY LEFT THE PENDULOUS EARTH,1155
ᚦᛖᚣ-ᚳᚪᛚᛚᛖᛞ-ᛁᛏ-ᛖᚷᚣᛈᛏ-ᚪᚾᛞ-ᛚᛖᚠᛏ-ᛁᛏ,THEY KALLED IT EGYPT AND LEFT IT,1472
ᚪᚾᛞ-ᚦᛖ-ᛋᚪᛚᛏ-ᚩᚳᛠᚾ-ᚱᚩᛚᛚᛖᛞ-ᛖᛝᛚᚩᛒᛞ,AND THE SALT OKEAN ROLLED EINGLOBD,1423
