word,translated,gematria_sum
ᛠᚳᚻ,EAKH,145
ᚾᚪᚱᚱᚩᚹᛝ,NARROWING,253
ᚾᛖᛏᛋ,NETS,208
ᛈᚩᚢᚱ,POUR,64
ᛈᚪᚾᛏᛝ,PANTING,307
ᛈᚪᛁᚾᛞ,PAIND,289
ᛈᚪᛚᛖ,PALE,280
ᛈᚱᚩᛈᚻᛖᛏ,PROPHET,253
ᛈᚱᛖᛈᚪᚱᛞ,PREPARD,361
ᚢᛈᚩᚾ,UPON,82
ᚢᛈ,UP,46
ᛈᛖᚱᛡᛞᛋ,PERIADS,370
ᛈᛖᛏᚱᛁᚠᚣ,PETRIFY,316
ᚾᚩᛋᛏᚱᛁᛚᛋ,NOSTRILS,316
ᚢᚾᛗᛠᛋᚢᚱᚪᛒᛚᛖ,UNMEASURABLE,577
ᛋᚢᛚᛚᛖᚾ,SULLEN,298
ᛋᚩᚢᚾᛞ,SOUND,181
ᛋᚩᚢᛚ,SOUL,136
ᛋᚩᛚᛁᛞ,SOLID,253
ᛋᚻᚢᛞᛞᛖᚱᛞ,SHUDDERD,424
ᛋᛁᛉᚦ,SIXTH,136
ᛋᛈᛁᚱᛝ,SPIRING,217
ᚢᚪᚳᚢᚢᛗ,UAKUUM,190
ᚢᚩᛚᚢᛏᛡᚾᛋ,UOLUTIANS,334
ᛋᛏᚪᚾᛞᛝ,STANDING,406
ᛋᛏᛁᛚᛚ,STILL,289
ᛏᚩᛈ,TOP,109
ᚪᛈᚪᚱᛏ,APART,307
ᚾᚩᚹ,NOW,55
ᚻᛠᛚᛖᛞ,HEALED,361
ᚻᛠᚢᚾᛋ,HEAUNS,217
ᚪᚹᚪᚣ,AWAY,316
ᚱᚢᛚᛖ,RULE,154
ᚱᚩᚢᛋᛞ,ROUSD,163
ᚪᚷᛖ,AGE,181
ᚪᚷᚪᛁᚾ,AGAIN,271
ᚱᚩᛚᛚᛞ,ROLLD,253
ᚳᚩᚢᚾᛋᛖᛚᛋ,KOUNSELS,298
ᚪᚱᚩᛋᛖ,AROSE,235
ᚳᚩᚩᛚ,KOOL,100
ᚪᚢᛏᚢᛗᚾ,AUTUMN,262
ᚳᚩᚾᚠᛚᛁᚳᛏᛋ,KONFLIKTS,280
ᚳᚪᚱᛖᚠᚢᛚᛚᚣ,KAREFULLY,442
ᚳᚱᚣ,KRY,127
ᚳᛖᛖᛈ,KEEP,190
ᚳᛚᚩᛋᛞ,KLOSD,235
ᚩᚹᚾ,OWN,55
ᚷᚾᚪᛋᚻᛝ,GNASHING,298
ᚹᚩᚱᛚᛞ,WORLD,199
ᚹᚱᛁᚦᛝ,WRITHING,145
ᚹᚻᚣ,WHY,145
ᚹᚻᛁᚳᚻ,WHIKH,109
ᚹᚻᛁᛏᛖ,WHITE,199
ᚹᛁᚦ,WITH,55
ᚦᛖᚾᚳᛖ,THENKE,181
ᚻᚪᚢᛖ,HAUE,190
ᚻᛁᛚᛚᛋ,HILLS,253
ᚦᛁᚱᛞ,THIRD,136
ᛏᚹᚪᛁᚾ,TWAIN,235
ᛒᚩᚦ,BOTH,73
ᛋᚢᚱᚷᛝ,SURGING,163
ᚪᚾᚳᛁᛖᚾᛏ,ANKIENT,325
ᚠᛁᚾᛁᛋᚻᛖᛞ,FINISHED,325
ᛒᛖᚾᛠᚦ,BENEATH,271
ᛒᛖᛚᚳᚻᛝ,BELKHING,316
ᛞᚢᚷ,DUG,109
ᛚᛖᛏ,LET,199
ᛒᛚᚪᛋᛏ,BLAST,343
ᛗᚪᚣ,MAY,271
ᛖᚱᛖᚳᛏ,EREKT,217
ᛖᚷᚣᛈᛏ,EGYPT,289
ᚠᚱᚪᚷᛗᛖᚾᛏᛋ,FRAGMENTS,406
ᛒᛖᚾᛞᛝ,BENDING,325
ᚠᚱᚩᛗ,FROM,91
ᛚᛁᚾᚳᛋ,LINKS,199
ᛖᛉᛈᚪᚾᛞᛝ,EXPANDING,451
ᛖᛚᛖᛗᛖᚾᛏ,ELEMENT,433
ᚠᚩᚱᛗ,FORM,91
ᛚᚩᚳᚳᛖᛞ,LOKKED,262
ᛚᚩᚢᛞ,LOUD,172
ᚠᚪᚹᚾᛝ,FAWNING,226
ᛗᚩᚢᚾᛏᚪᛁᚾᛋ,MOUNTAINS,379
ᛗᛖᛋᚻᛖᛋ,MESHES,334
ᛗᚩᛋᛏ,MOST,190
ᛖᛉᛁᛋᛏᛖᚾᚳᛖ,EXISTENKE,433
ᛞᚪᚣ,DAY,289
ᛚᛁᛗᛒᛋ,LIMBS,289
ᛞᚱᛠᛗ,DREAM,280
ᛒᚩᚾᛖᛋ,BONES,217
ᛒᚩᛋᚩᛗ,BOSOM,199
ᚠᛁᛋᚻ,FISH,109
ᚠᚩᚢᚱᚦ,FOURTH,28
ᛒᚪᛏᛏᛚᛖᛋ,BATTLES,469
ᛒᚱᚩᚢᚷᚻᛏ,BROUGHT,181
ᚠᚢᛏᚢᚱᛁᛏᚣ,FUTURITY,271
ᛞᚱᛠᛞ,DREAD,298
ᛞᛁᚳᛏᚪᛏᛖ,DIKTATE,415
ᛒᛖᚷᚪᚾ,BEGAN,271
ᚳᚩᛚᛞ,KOLD,182
ᚷᛚᚪᛞᛚᚣ,GLADLY,452
ᛚᛁᚢᛖᛞ,LIUED,263
ᚹᚪᛁᛚᛝ,WAILING,299
ᛞᛖᚷᚱᛖᛖᛋ,DEGREES,371
ᚹᚱᛁᚦᛞ,WRITHD,155
ᛚᛁᚾᚳ,LINK,146
ᛚᛁᚠᛖ,LIFE,173
ᛞᛖᛗᚩᚾ,DEMON,263
ᚱᚢᛁᚾᚩᚢᛋ,RUINOUS,137
ᚹᛖᚱᛖ,WERE,164
ᛞᛠᚦᚠᚢᛚ,DEATHFUL,281
ᚹᛝᛖᛞ,WINGED,254
ᚪᛗᚪᛋᛞ,AMASD,407
ᚪᛒᚩᚢᛏ,ABOUT,227
ᚪᛋᛏᚩᚾᛁᛋᚻᛗᛖᚾᛏ,ASTONISHMENT,578
ᛚᚪᛁᛞ,LAID,290
ᚷᚻᚪᛋᛏᛚᚣ,GHASTLY,425
ᚷᚱᛖᛖᚾ,GREEN,191
ᚷᚱᚪᛏᛝ,GRATING,263
ᚱᛁᚢᚾ,RIUN,74
ᚱᛁᛋᛖᚾ,RISEN,191
ᚱᚪᚾ,RAN,137
ᚳᚱᚪᚳᚳᛋ,KRAKKS,200
ᚳᛁᛏᛁᛖᛋ,KITIES,254
ᚳᛖᛈᛏ,KEPT,182
ᛚᛁᛏᛏᛚᛖ,LITTLE,362
ᚳᚩᚾᚠᛚᛁᚳᛏᛡᚾᛋ,KONFLIKTIANS,416
ᛚᛁᚾᛖ,LINE,200
ᚱᚩᛚᛚ,ROLL,164
ᚳᛚᚩᛞ,KLOD,182
ᚱᚩᚩᛏᛋ,ROOTS,137
ᚳᛝ,KING,92
ᚱᛖᛚᛁᚷᛡᚾ,RELIGIAN,335
ᚳᚩᚱᛞᛋ,KORDS,173
ᚳᛠᛋᛖᛚᛖᛋᛋ,KEASELESS,488
ᛞᛁᛗ,DIM,191
ᚹᛠᚳᛖᚾᛞ,WEAKEND,326
ᛒᚣ,BY,164
ᚻᛖᚱ,HER,101
ᛒᛖᛚᛚᚩᚹᛋ,BELLOWS,353
ᛋᚢᛚᛈᚻᚢᚱᚩᚢᛋ,SULPHUROUS,272
ᛋᚩᛚᛁᛏᚪᚱᚣ,SOLITARY,434
ᛋᚹᛁᚠᛏ,SWIFT,164
ᛋᚻᚩᚩᛏᛝᛋ,SHOOTINGS,281
ᛋᚻᚪᚱᛈ,SHARP,227
ᛋᛁᚳᚳ,SIKK,110
ᛒᛖᚻᛖᛚᛞ,BEHELD,380
ᛒᛖ,BE,128
ᛒᚱᚩᚩᛞᛝ,BROODING,254
ᛋᛏᚪᛏᛖ,STATE,335
ᛋᛏᚱᚩᚢᛖ,STROUE,200
ᛋᛏᚱᚩᛝ,STROING,209
ᛋᛏᚱᛁᚢᛝ,STRIUING,236
ᛋᛖᛈᛖᚱᚪᛏᛡᚾ,SEPERATIAN,533
ᛏᚢᚱᚾᛞ,TURND,191
ᛏᛁᛗᛖᛋ,TIMES,281
ᛏᛁᛚᛚ,TILL,236
ᛏᛖᚱᚱᛁᛒᛚᛖ,TERRIBLE,380
ᛏᛖᚾ,TEN,155
ᛏᛖᛖᛗᛞ,TEEMD,353
ᛒᚢᚱᚾᛝᛋ,BURNINGS,236
ᛒᚢᛁᛚᛏ,BUILT,227
ᛋᚢᚱᚱᚩᚢᚾᛞᛖᛞ,SURROUNDED,362
ᚻᚩᚹᛚᛝᛋ,HOWLINGS,254
ᛋᚢᚠᚠᛖᚱᛞ,SUFFERD,227
ᛒᛠᛏᛝ,BEATING,308
ᚻᛖᛚᛈᛚᛖᛋᛋ,HELPLESS,452
ᚻᛠᛏ,HEAT,191
ᛗᚩᚢᚾᛏᚪᛁᚾᚩᚢᛋ,MOUNTAINOUS,389
ᚾᚢᛗᛒᚱᛝ,NUMBRING,254
ᛒᚩᚱᛖ,BORE,146
ᛗᚩᚢᚾᛏᚪᛁᚾ,MOUNTAIN,326
ᛗᚩᚢᚱᚾᛝ,MOURNING,200
ᛗᚣᚱᛡᛞᛋ,MYRIADS,434
ᛠᚱᛋ,EARS,173
ᚾᛖᚱᚢᚩᚢᛋ,NERUOUS,173
ᚾᛖᛏ,NET,155
ᛁᚾᚻᚪᛒᛁᛏᚪᚾᛏᛋ,INHABITANTS,569
ᛁᚾᛏᛖᚾᛋᛖ,INTENSE,335
ᛁᛗᛗᛖᚾᛋᛁᛏᚣ,IMMENSITY,515
ᛁᛗᛗᛖᚾᛋᛖ,IMMENSE,389
ᛖᛗᛒᚱᛡ,EMBRIA,317
ᛈᚪᛁᚾ,PAIN,200
ᛈᚪᛝᛋ,PAINGS,272
ᛈᚱᛁᛖᛋᛏᛋ,PRIESTS,317
ᛖᚣᛖᛋ,EYES,290
ᛈᛁᛏᚣ,PITY,236
ᛈᛖᚱᛋᚹᚪᛋᛡᚾ,PERSWASIAN,479
ᛈᛖᚱᛡᛞ,PERIAD,317
ᛒᛞᛁᛋᚳᛖᚱᚾᛞ,BDISKERND,443
ᚾᚩᚱ,NOR,47
ᚠᚢᚱᚣ,FURY,119
ᚾᚪᛗᛖᛞ,NAMED,353
ᚠᛁᛉᛖᛞ,FIXED,236
ᚠᛁᛖᚱᚳᛖ,FIERKE,191
ᚢᛁᛖᚹᛞ,UIEWD,209
ᚠᚪᛚᛚ,FALL,245
ᚦᛁᚱᛁᛖᛚ,THIRIEL,218
ᚦᛁᚱᛏᚣ,THIRTY,209
ᚠᛚᛖᛋᚻ,FLESH,218
ᚠᚩᚱᚷᛖᛏᚠᚢᛚᚾᛖᛋᛋ,FORGETFULNESS,443
ᚦᛖᚾ,THEN,101
ᚠᚩᚱ,FOR,20
ᚪᚠᚠᚱᛁᚷᚻᛏᛖᛞ,AFFRIGHTED,398
ᚠᛠᚱᚠᚢᛚ,FEARFUL,200
ᚢᚪᛈᚩᚢᚱ,UAPOUR,164
ᚪᚢᚩᛁᛞ,AUOID,227
ᚠᛠᛏᚢᚱᛖᛚᛖᛋᛋ,FEATURELESS,497
ᚪᚱᚩᚢᚾᛞ,AROUND,236
ᚠᛁᚱᛖᛋ,FIRES,164
ᚩᚠᚠ,OFF,11
ᚦᛝᛋ,THINGS,137
ᚢᛖᛁᚾᛋ,UEINS,183
ᛋᚻᚩᚩᛏᛝ,SHOOTING,228
ᛈᚱᚩᛞᚢᚳᛞ,PRODUKD,255
ᛋᛁᚷᚻᛏ,SIGHT,183
ᚢᛖᚾᚳᚻᛚᛖᛋᛋ,UENKHLESS,381
ᛈᚻᚪᚾᛏᚪᛋᛁᛖᛋ,PHANTASIES,552
ᛋᚻᚱᛁᛚᛚ,SHRILL,264
ᛈᛁᛚᛚᚪᚱᛋ,PILLARS,381
ᚪᚾᚾᚩᚣᛞ,ANNOYD,354
ᛋᚢᚾᛞᚱᛝ,SUNDRING,264
ᛋᚻᚱᚢᚾᚳᛖᚾ,SHRUNKEN,228
ᛋᚻᚪᛈᛖᛋ,SHAPES,336
ᚢᚾᚳᚾᚩᚹᚾ,UNKNOWN,129
ᛋᚪᛚᛏ,SALT,282
ᛋᚳᛁᛖᚾᚳᛖ,SKIENKE,273
ᛋᚻᚢᛏ,SHUT,138
ᚢᚾᚳᛚᚪᛋᛈᛝ,UNKLASPING,390
ᛄᚩᚣ,JOY,147
ᚣᚩᚢᛝ,YOUING,192
ᚷᚱᚩᚢᚾᛞ,GROUND,156
ᚷᚱᛁᚾᛞᛝᛋ,GRINDINGS,309
ᚷᛚᚩᚩᛗᛞ,GLOOMD,264
ᚹᚪᚣ,WAY,219
ᚹᚪᛏᚳᚻᛞ,WATKHD,300
ᚹᚪᛚᚳᛞ,WALKD,291
ᚹᚻᛖᚾ,WHEN,138
ᚦᛖᛋᛖ,THESE,192
ᚹᛖᛒ,WEB,147
ᚹᛟ,WOE,102
ᚻᚢᛝᚱᚣ,HUINGRY,219
ᚻᚢᛝᛖᚱ,HUINGER,183
ᚻᚩᚹᛚᛝ,HOWLING,201
ᚻᚩᛚᛁᚾᛖᛋᛋ,HOLINESS,336
ᚻᚪᚾᛞᛋ,HANDS,291
ᚻᛁᛞᛖ,HIDE,210
ᚦᚱᛖᚹ,THREW,102
ᚾᚩᚦᛝ,NOTHING,120
ᚾᚪᛗᛖ,NAME,264
ᚾᛁᚾᛖᚠᚩᛚᛞ,NINEFOLD,327
ᚦᚩᚢᛋᚪᚾᛞᛋ,THOUSANDS,336
ᛁᚳᛖ,IKE,111
ᚦᚩ,THO,12
ᛁᛋ,IS,84
ᛋᛁᛗᛁᛚᛁᛏᚢᛞᛖᛋ,SIMILITUDES,561
ᛈᚩᚱᛏᛡᚾᛋ,PORTIANS,309
ᛈᚩᚹᛖᚱ,POWER,147
ᛈᚪᛋᛋᛡᚾᛋ,PASSIANS,435
ᛋᛈᚢᚱᚾᛞ,SPURND,228
ᚢᚩᛁᚳᛖᛋ,UOIKES,174
ᛋᛈᛁᚱᛁᛏ,SPIRIT,228
ᚠᚱᚩᚹᚾᛝ,FROWNING,147
ᛖᛗᛖᚱᚷᛖ,EMERGE,300
ᛗᚢᛋᛏᛖᚱ,MUSTER,264
ᛗᚣ,MY,174
ᚠᚪᛁᚦᛚᛖᛋᛋ,FAITHLESS,381
ᛗᚩᚢᛚᛞᛖᛞ,MOULDED,399
ᛗᚩᚱᛖ,MORE,156
ᛗᚪᚾᚣ,MANY,300
ᛗᛠᛋᚢᚱᛞ,MEASURD,336
ᛚᚪᚣ,LAY,273
ᛚᚪᛋᛏ,LAST,282
ᛚᛁᚢᛖ,LIUE,174
ᛖᛏᛖᚱᚾᛁᛏᚣ,ETERNITY,426
ᛚᛁᚷᚻᛏᛝ,LIGHTING,282
ᛚᛠᚢᛝ,LEAUING,264
ᛞᚢᛗᛒᚾᛖᛋᛋ,DUMBNESS,426
ᛞᚪᚱᚳ,DARK,210
ᛞᚪᚱᚳᚾᛝ,DARKNING,318
ᚠᚩᚩᛏ,FOOT,75
ᛞᛁᚢᛁᛞᛖᛋ,DIUIDES,363
ᛞᛁᚢᛁᛞᛖᛞ,DIUIDED,399
ᛞᛁᛋᚩᚱᚷᚪᚾᛁᛋᛞ,DISORGANISD,507
ᛞᛁᛋᛗᚪᚣ,DISMAY,444
ᚠᚩᚢᚷᚻᛏ,FOUGHT,111
ᛞᛖᛋᛁᚱᛖ,DESIRE,318
ᛠᚱᚦᚢᚪᚳᛞ,EARTHUAKD,327
ᛚᛖᚠᛏ,LEFT,201
ᛋᛈᚪᚳᛖ,SPAKE,273
ᛖᚾᚩᚱᛗᛁᛏᛁᛖᛋ,ENORMITIES,426
ᛒᛠᛋᛏ,BEAST,282
ᛋᛏᚩᚱᛞ,STORD,219
ᛋᛏᚪᚱᛋ,STARS,273
ᚷᚩᛚᛞᛖᚾ,GOLDEN,282
ᛋᛏᚱᚩᚳᛖ,STROKE,210
ᛋᛏᛖᚱᚾ,STERN,219
ᛋᛖᚢᛖᚾ,SEUEN,219
ᛏᚩ,TO,66
ᛏᚱᛖᛗᛒᛚᛖᛞ,TREMBLED,498
ᛏᛁᛗᛖ,TIME,228
ᛏᛖᚱᚱᚩᚱᛋ,TERRORS,219
ᚠᛚᚪᛗᛖᛋ,FLAMES,363
ᛒᚢᚱᚾᛝ,BURNING,183
ᛖᚣᛖ,EYE,237
ᛒᚩᚢᚾᛞᛖᛞ,BOUNDED,345
ᚠᛖᛏᛏᛖᚱᛋ,FETTERS,318
ᛒᚱᚪᚾᚳᚻᛖᛋ,BRANKHES,354
ᛒᚱᚪᛋᛖᚾ,BRASEN,318
ᛒᚱᛖᛞ,BRED,228
ᛒᛁᚱᛞ,BIRD,192
ᛒᛁᚾᛞ,BIND,210
ᛒᛖᚻᛁᚾᛞ,BEHIND,300
ᚠᛁᚷᚻᛏᛝᛋ,FIGHTINGS,264
ᚠᛁᚱᛖ,FIRE,111
ᛒᛚᚩᚩᛞ,BLOOD,237
ᛒᛚᚩᚪᛏᛖᛞ,BLOATED,453
ᚠᛁᚱᛋᛏ,FIRST,156
ᚠᛖᛚᛏ,FELT,201
ᚳᛚᛁᚠᚠᛋ,KLIFFS,174
ᚪᚾᛉᛡᚢᛋ,ANXIAUS,336
ᚱᛖᛗᚩᛏᛖ,REMOTE,282
ᚪᛚᚩᚾᛖ,ALONE,273
ᚪᚹᛖ,AWE,183
ᚪᛏ,AT,156
ᚳᚻᚪᛁᚾᛋ,KHAINS,246
ᚩᛒᛋᚳᚢᚱᛞ,OBSKURD,237
ᚳᚩᚾᛏᚱᚪᚳᛏᛖᛞ,KONTRAKTED,444
ᚳᚪᚢᛖᚱᚾᛋ,KAUERNS,273
ᚳᚻᚪᛁᚾᛞ,KHAIND,282
ᚳᚱᛠᛏᛡᚾᛋ,KREATIANS,381
ᚳᚩᚾᛏᛖᛗᛈᛚᚪᛏᛝ,KONTEMPLATING,597
ᚱᛁᛒᛋ,RIBS,156
ᚳᚻᛁᛚᛞᚱᛖᚾ,KHILDREN,336
ᚪᛒᛋᛏᚱᚪᚳᛏᛖᛞ,ABSTRAKTED,606
ᚱᚪᚷᛖ,RAGE,192
ᚳᚩᚪᛋᛏᛋ,KOASTS,282
ᚳᚩᛗᛒᛁᚾᛝ,KOMBINING,291
ᚳᚢᛏ,KUT,75
ᚳᚢᚱᛋᛖ,KURSE,147
ᚳᚪᛚᛚᛞ,KALLD,345
ᛈᛖᛏᚱᛁᚠᛁᛖᛞ,PETRIFIED,400
ᚻᚢᚱᛏᛚᛝᛋ,HURTLINGS,301
ᛁᚾᚠᛖᚳᛏᛡᚾ,INFEKTIAN,337
ᛒᛖᚷᛖᛏᛏᛝ,BEGETTING,409
ᛏᚩᚱᛗᛖᚾᛏᛝ,TORMENTING,382
ᛏᚹᚩ,TWO,85
ᛒᚱᛁᚷᚻᛏ,BRIGHT,202
ᚪᚱᛖ,ARE,175
ᛒᚱᚪᛁᚾ,BRAIN,229
ᛏᛖᚱᚱᚩᚱ,TERROR,166
ᚠᛚᚪᛗᛖ,FLAME,310
ᛈᛚᚪᚳᛖᛋ,PLAKES,346
ᛒᚪᚳᚳ,BAKK,184
ᚹᛖᛁᚷᚻ,WEIGH,157
ᚠᛚᚢᚳᛏᚢᚪᛏᛡᚾ,FLUKTUATIAN,445
ᛒᚪᚦᛖᛞ,BATHED,319
ᚱᛖᚾᛏ,RENT,166
ᚳᚻᚪᛁᚾ,KHAIN,193
ᚻᚩᚩᚳᛋ,HOOKS,103
ᚳᚻᚪᚩᛋ,KHAOS,193
ᚪᚱᚱᚪᚣ,ARRAY,319
ᚻᛁᛞᛞᛖᚾ,HIDDEN,328
ᛋᚻᚪᚷᚷᚣ,SHAGGY,310
ᛋᛁᚾᛋ,SINS,166
ᚢᚱᛁᛋᛖᚾᛋ,URISENS,247
ᚻᛁᛋᛋᛝᛋ,HISSINGS,292
ᚻᛁᚷᚻ,HIGH,94
ᛋᚹᛖᛚᛚᛝ,SWELLING,364
ᚻᛠᚱᛏ,HEART,202
ᚳᚩᚾᛋᚢᛗᛞ,KONSUMD,265
ᚳᚱᛁᛖᛋ,KRIES,175
ᚻᚪᚾᛞ,HAND,238
ᚢᚩᛁᛞ,UOID,130
ᚻᚪᚱᚱᚩᚹᛝ,HARROWING,247
ᚢᚩᛁᚳᛖ,UOIKE,121
ᛋᛏᚱᛖᛏᚳᚻᛝ,STRETKHING,364
ᛋᛏᚱᛖᛝᚦ,STREINGTH,274
ᚻᚩᚹᛚᛞ,HOWLD,211
ᚦᛖᚣ,THEY,175
ᚻᚩᚹ,HOW,49
ᚱᛖᛋᛖᚱᚢᛞ,RESERUD,301
ᚱᛖᛋᛏᛚᛖᛋᛋ,RESTLESS,436
ᚱᛖᛋᛏᛖᛞ,RESTED,346
ᚻᛠᚢᚣ,HEAUY,238
ᛋᛗᚩᚳᛖ,SMOKE,211
ᛋᚩᛚᛁᛏᚢᛞᛖ,SOLITUDE,382
ᛈᚱᚩᛈᚻᛖᚳᚣ,PROPHEKY,310
ᛈᚱᚩᛚᛁᚠᛁᚳ,PROLIFIK,211
ᚠᛁᚠᚦ,FIFTH,40
ᛒᛚᛠᚳ,BLEAK,256
ᚷᛁᚾᛋ,GINS,130
ᛞᚱᛠᛗᛚᛖᛋᛋ,DREAMLESS,526
ᚩᚱᚳ,ORK,31
ᛞᚹᛖᛚᛚᛝ,DWELLING,400
ᛞᛁᚢᛁᛞᛖ,DIUIDE,310
ᚳᚪᛚᛚ,KALL,256
ᚦᚩᚢᛋᚪᚾᛞ,THOUSAND,283
ᛞᛁᛋᚳᚩᚢᛖᚱ,DISKOUER,274
ᛁ,I,31
ᛁᛗᚪᚷᛖ,IMAGE,283
ᚠᚢᛋᚩᚾ,FUSON,94
ᛞᛖᚾᛋ,DENS,238
ᛁᛋᛋᚢᛞ,ISSUD,229
ᛞᛖᛈᚪᚱᛏᛝ,DEPARTING,445
ᚷᚪᚱᛞᛖᚾ,GARDEN,310
ᚷᚪᚢᛖ,GAUE,184
ᚪᛁᚱ,AIR,139
ᛞᛖᛋᛈᚪᛁᚱ,DESPAIR,391
ᚳᚪᛋᛏᛝ,KASTING,301
ᛁᚾᚠᚪᚾᛏ,INFANT,247
ᚳᛚᚩᚢᛞᛋ,KLOUDS,238
ᚳᛚᚪᛋᚻᛝᛋ,KLASHINGS,391
ᚳᚪᛏᚪᚱᚪᚳᛏᛋ,KATARAKTS,499
ᚩᚾᛖ,ONE,103
ᛞᛠᛞᛚᚣ,DEADLY,463
ᛟᚱ,OER,94
ᛚᛁᚳᛖ,LIKE,184
ᛄᚩᛁᚾᛏᛖᛞ,JOINTED,319
ᚠᚩᚱᚷᚩᛏ,FORGOT,103
ᛖᛗᛒᚱᚪᚳᛞ,EMBRAKD,409
ᛒᛠᛏ,BEAT,229
ᚠᚱᛁᚷᚻᛏᛖᚾᛞ,FRIGHTEND,328
ᛖᚢᛖᚱ,EUER,148
ᛖᚢᛖᚾ,EUEN,166
ᛖᚱᛖᚳᛏᛖᛞ,EREKTED,373
ᚾᚪᛏᚢᚱᛖᛋ,NATURES,319
ᛖᚾᛁᚦᚪᚱᛗᚩᚾᛋ,ENITHARMONS,400
ᚳᚻᛁᛚᛞ,KHILD,229
ᛖᛉᛈᛚᚩᚱᛞ,EXPLORD,337
ᚹᚪᛏᚳᚻ,WATKH,211
ᚠᚩᚱᛗᛖᛞ,FORMED,247
ᚱᚩᚢᚾᛞ,ROUND,139
ᚳᚩᛝᛚᚩᛒᛝ,KOINGLOBING,319
ᚳᚪᚢᛖᚱᚾ,KAUERN,220
ᛋᚻᚪᛞᚩᚹᚣ,SHADOWY,391
ᛗᛁᚾᛞ,MIND,220
ᚠᚩᚱᛗᛚᛖᛋᛋ,FORMLESS,337
ᛚᚩᛁᚾᛋ,LOINS,193
ᛚᚩᛏ,LOT,139
ᛚᚪᚱᚷᛖ,LARGE,265
ᚣᛖᛏ,YET,229
ᛋᚳᚪᛚᛖᛋ,SKALES,356
ᛄᚩᚢᚱᚾᛖᚣ,JOURNEY,257
ᚦᚢᚾᛞᛖᚱᛋ,THUNDERS,257
ᛋᚩᛚᛁᛞᚾᛖᛋᛋ,SOLIDNESS,455
ᚳᚩᛗᛈᚪᛋᛋᛡᚾ,KOMPASSIAN,473
ᛈᛁᛏᛁᛖᛞ,PITIED,320
ᚢᚱᛁᛋᛖᚾ,URISEN,194
ᛁᚾᛞᛁᚷᚾᚪᛏᛡᚾ,INDIGNATIAN,518
ᛋᚻᚢᛞᛞᚱᛝ,SHUDDRING,347
ᛈᛖᛏᚱᛁᚠᛁᚳ,PETRIFIK,257
ᛁᛗᛗᚩᚱᛏᚪᛚᛋ,IMMORTALS,473
ᛁᛗᛒᚩᛞᛁᛖᛞ,IMBODIED,446
ᚢᚾᛋᛖᛖᚾ,UNSEEN,248
ᚢᚾᚠᚩᛚᛞ,UNFOLD,203
ᚣᚩᚢ,YOU,113
ᛈᛚᚪᚳᛖ,PLAKE,293
ᛈᚪᚱᚪᛚᚣᛏᛁᚳ,PARALYTIK,527
ᛋᚩᛞᚩᚱ,SODOR,167
ᛋᚩᚢᚦ,SOUTH,68
ᛋᛁᛖᛋᛞ,SIESD,293
ᛋᚻᚱᛁᚾᚳᛝ,SHRINKING,239
ᛖᚾᚩᚱᛗᚩᚢᛋ,ENORMOUS,248
ᛖᚾᛁᚦᚪᚱᛗᚩᚾ,ENITHARMON,347
ᚠᚱᚩᛋᛖ,FROSE,140
ᚪᚹᚩᚳᛖ,AWOKE,203
ᛗᚩᚪᚾᛋ,MOANS,257
ᛗᚩᛁᛋᛏ,MOIST,221
ᚠᚪᚦᚩᛗᛚᛖᛋᛋ,FATHOMLESS,428
ᛗᚪᛞ,MAD,257
ᚪᚹᚪᚳᛖ,AWAKE,293
ᛚᛁᚷᚻᛏ,LIGHT,203
ᛒᛚᚪᚳᚳ,BLAKK,257
ᛚᛁᚾᚳᛖᛞ,LINKED,302
ᛞᚪᚢᚷᚻᛏᛖᚱᛋ,DAUGHTERS,419
ᚠᚩᚢᚾᛏᚪᛁᚾ,FOUNTAIN,257
ᚪᛈᛈᛠᚱᛞ,APPEARD,392
ᛞᛁᛋᚳᛖᚱᚾ,DISKERN,293
ᛞᛁᛋᛠᛋᛖᛋ,DISEASES,455
ᛞᛖᛈᚦᛋ,DEPTHS,257
ᛞᛖᛖᛈ,DEEP,266
ᛞᛖᛚᚢᛝ,DELUING,311
ᛞᛠᚦ,DEATH,203
ᚠᚢᚱᚾᚪᚳᛖᛋ,FURNAKES,275
ᛞᚩᚷ,DOG,113
ᚳᚩᚢᛚᛞ,KOULD,185
ᚱᚩᛚᛚᛖᛞ,ROLLED,320
ᛒᚱᛠᚳ,BREAK,194
ᚢᚪᛋᛏ,UAST,212
ᛋᛁᚾ,SIN,113
ᛋᛁᛉ,SIX,131
ᛋᛁᛞᛖᛋ,SIDES,293
ᛋᛈᚱᛝᛋ,SPRINGS,239
ᚱᛖᛞ,RED,167
ᛋᛈᛁᛞᛖᚱᛋ,SPIDERS,347
ᛋᛏᚢᛈᚩᚱ,STUPOR,176
ᛋᛏᚢᛝ,STUING,194
ᛋᛏᚱᛖᛏᚳᚻᛞ,STRETKHD,374
ᛒᛖᚻᚩᛚᛞ,BEHOLD,320
ᛋᛏᛁᚠᛚᛖᛞ,STIFLED,374
ᛋᛖᛈᚪᚱᚪᛏᛡᚾ,SEPARATIAN,563
ᛋᛗᚩᛏᛖ,SMOTE,257
ᚠᛠᚱ,FEAR,122
ᛏᚩᚩᚳ,TOOK,86
ᛏᚩᚱᛗᛖᚾᛏᛋ,TORMENTS,356
ᚠᛚᚩᚹᛖᛞ,FLOWED,257
ᛒᚢᚱᛋᛏᛝ,BURSTING,266
ᚠᛖᛞ,FED,158
ᛒᚱᚪᛋᛋ,BRASS,275
ᚱᛁᚢᛖᚱᛋ,RIUERS,176
ᛋᛖᚱᛈᛖᚾᛏ,SERPENT,329
ᛁᚾᚹᚪᚱᛞᛋ,INWARDS,329
ᛋᚢᚱᚷᛖᛝ,SURGEING,230
ᚻᛠᛞ,HEAD,221
ᚻᚪᛒᛁᛏᚪᛏᛡᚾ,HABITATIAN,563
ᚹᛁᛚᛞ,WILD,212
ᚹᛁᚾᛞᛋ,WINDS,221
ᚾᚪᛏᚢᚱᛖ,NATURE,266
ᚾᚩᛏ,NOT,95
ᚹᛁᚾᛏᛖᚱᛚᚣ,WINTERLY,392
ᚹᚻᛖᛖᛚᛋ,WHEELS,302
ᚹᚩᚱᚳ,WORK,50
ᚹᚱᛁᛏᛏᛖᚾ,WRITTEN,275
ᚻᛠᚢᛖᚾᛋ,HEAUENS,284
ᚹᚩᛗᛒ,WOMB,158
ᚳᚱᚪᚢᛝ,KRAUING,203
ᚻᛠᛏᛖᛞ,HEATED,347
ᚹᚪᚢᛖᛋ,WAUES,239
ᚳᚱᚢᛖᛚ,KRUEL,167
ᚹᛖᛖᛈᛝ,WEEPING,275
ᚩᚳᚳᚢᛈᛁᛖᛞ,OKKUPIED,266
ᚦᚱᚩ,THRO,23
ᚹᚪᚾᛞᛖᚱᛞ,WANDERD,401
ᚻᚩᚱᚱᛁᛒᛚᛖ,HORRIBLE,284
ᚩᚳᛠᚾ,OKEAN,158
ᚳᛚᚩᚢᛞ,KLOUD,185
ᚻᚢᚱᛏᛚᛝ,HURTLING,248
ᚾᛖᚱᚢᛖᛋ,NERUES,230
ᚻᚩᛈᛖ,HOPE,140
ᚳᛚᚩᛋᛖᛞ,KLOSED,302
ᚷᚩᛞ,GOD,113
ᛖᛏᛖᚱᚾᚪᛚᛋ,ETERNALS,456
ᚱᚪᚷᛝ,RAGING,204
ᚪᛝᚢᛁᛋᚻᛞ,AINGUISHD,375
ᚻᛖᚱᛖ,HERE,168
ᛋᚻᚱᚢᚾᚳ,SHRUNK,132
ᚳᚻᚪᚾᚾᛖᛚᛞ,KHANNELD,420
ᚻᚩᚱᚱᚩᚱᛋ,HORRORS,123
ᚩᛒᛋᛏᚱᚢᚳᛏᛡᚾ,OBSTRUKTIAN,402
ᚠᚱᚢᛁᛏᛋ,FRUITS,159
ᚦᛁᚱᛋᛏ,THIRST,159
ᚻᛠᚢᛖᚾ,HEAUEN,231
ᛏᚩᚱᛗᛖᚾᛏ,TORMENT,303
ᛖᚾᚳᛁᚱᚳᛚᛖᛞ,ENKIRKLED,393
ᚢᚾᚢᛖᚾᚳᚻᚪᛒᛚᛖ,UNUENKHABLE,465
ᚩᚢᛏ,OUT,69
ᚹᚱᚪᚦ,WRATH,132
ᛖᛗᛖᚱᚷᛝ,EMERGING,312
ᛋᛖᚳᚩᚾᛞ,SEKOND,258
ᛖᚾᛖᚱᚷᚣ,ENERGY,294
ᛖᛉᛈᚪᚾᛞᛖᛞ,EXPANDED,528
ᛋᛖᛚᚠ,SELF,195
ᛋᚹᚪᛗ,SWAM,240
ᛋᛚᛖᛖᛈ,SLEEP,303
ᚻᛠᛚᛞ,HEALD,294
ᛋᛚᚢᛗᛒᛖᚱ,SLUMBER,339
ᚠᛁᛒᚱᚩᚢᛋ,FIBROUS,168
ᛋᛏᚱᛖᛏᚳᚻ,STRETKH,285
ᛒᛖᚷᚩᛏᛏᛖᚾ,BEGOTTEN,366
ᚢᚦᚪ,UTHA,105
ᛏᚪᛋᚳ,TASK,222
ᚻᚪᚱᚢᛖᛋᛏᛋ,HARUESTS,366
ᛏᚱᚪᚾᛋᛈᚪᚱᛖᚾᛏ,TRANSPARENT,555
ᚠᛚᛖᛞ,FLED,231
ᛋᛏᚱᚢᚷᚷᛚᛝ,STRUGGLING,312
ᚦᛖᛁᚱ,THEIR,114
ᚱᛖᚷᛡᚾ,REGIAN,231
ᚠᛚᚩᚩᛞᛋ,FLOODS,231
ᚪᚱᛏᛁᚳᚢᛚᚪᛏᛖ,ARTIKULATE,510
ᚳᚻᚪᛝᚪᛒᛚᛖ,KHAINGABLE,510
ᛒᚢᛏ,BUT,123
ᚹᛁᛚᛞᛖᚱᚾᛖᛋᛋ,WILDERNESS,492
ᚪᚱᛗᛁᛖᛋ,ARMIES,330
ᛋᛏᚱᛠᚳᚣ,STREAKY,348
ᚠᛖᛖᛏ,FEET,195
ᚳᚢᚱᛋᛝ,KURSING,159
ᚳᚻᚢᛋᛖ,KHUSE,159
ᛒᚱᚩᚳᛖ,BROKE,159
ᛋᛁᛞᛖ,SIDE,240
ᛗᚩᚩᚱ,MOOR,96
ᛋᛁᛚᛖᚾᛏ,SILENT,312
ᚱᛁᚷᚻᛏ,RIGHT,141
ᚹᛁᚾᛞ,WIND,168
ᚹᛁᚦᛖᚱᛞ,WITHERD,222
ᚻᛁᛞᛝ,HIDING,222
ᛋᛁᚷᚻᛋ,SIGHS,177
ᚱᚪᛝᛞ,RAINGD,276
ᛒᚩᚩᚳᛋ,BOOKS,141
ᛋᛁᚳᚳᛖᚾᛝ,SIKKENING,285
ᚳᛚᚩᛋᛖ,KLOSE,213
ᛈᛖᚱᛏᚢᚱᛒᛖᛞ,PERTURBED,411
ᛚᚪᛒᚱᛝ,LABRING,321
ᚷᚱᚩᚪᚾᛝ,GROANING,240
ᚾᛁᚷᚻᛏ,NIGHT,159
ᛚᛁᚢᛝ,LIUING,186
ᚦᚩᛋᛖ,THOSE,132
ᚢᛁᛋᛡᚾᛋ,UISIANS,276
ᛈᛖᚱᚳᛖᛈᛏᛡᚾᛋ,PERKEPTIANS,492
ᚪᛒᚩᛞᛖ,ABODE,321
ᚹᚩᚢᛖ,WOUE,96
ᛈᛁᛚᛖᛞ,PILED,303
ᛞᛖᛋᚪᚱᛏᛋ,DESARTS,429
ᚾᚩᛁᛋᛖᛋ,NOISES,240
ᚷᚱᛖᚹ,GREW,114
ᚩᚱᛒᛋ,ORBS,132
ᛞᚩᚩᚱ,DOOR,114
ᚢᚾᚩᚱᚷᚪᚾᛁᛋᛞ,UNORGANISD,366
ᛞᛁᚱᛖᚠᚢᛚ,DIREFUL,276
ᚠᚩᚪᛗ,FOAM,177
ᚪᛋ,AS,150
ᚪᛋᛋᚢᛗᛞ,ASSUMD,366
ᛈᚪᚱᚳᚻᛞ,PARKHD,276
ᚣᛠᚱᛋ,YEARS,276
ᚪᛈᛈᛠᚱ,APPEAR,303
ᛁᛗᛗᚩᚱᛏᚪᛚ,IMMORTAL,420
ᛈᚪᛋᛋᛖᛞ,PASSED,402
ᛁᚱᚩᚾ,IRON,78
ᚳᚩᚾᛞᛖᚾᛋᛝ,KONDENSING,366
ᛋᚩ,SO,60
ᚦᚩᚢᚷᚻᛏ,THOUGHT,114
ᛚᚩᛝ,LOING,159
ᛗᛖᛏᚪᛚᛋ,METALS,420
ᚳᚩᛁᛚᛞ,KOILD,213
ᚪᛚᚪᚱᛗᛞ,ALARMD,438
ᚳᚩᚾᛏᛖᛗᛈᛚᚪᛏᛡᚾ,KONTEMPLATIAN,654
ᛁᚾᚠᛖᚱᚾᚪᛚ,INFERNAL,339
ᛁᚾ,IN,60
ᛚᚩᚢᛖ,LOUE,150
ᛚᚩᚳᚳᛞ,LOKKD,195
ᚹᚩᚾᛞᛖᚱ,WONDER,222
ᛞᛖᛚᛁᚷᚻᛏᛝ,DELIGHTING,438
ᚾᚩᚾᛖ,NONE,132
ᛁᚾᚹᚪᚱᛞ,INWARD,276
ᛋᛗᚪᛚᛚ,SMALL,367
ᛠᚱᚦᚢᚪᚳᛖᛋ,EARTHUAKES,358
ᚻᚩᚢᚱᛋ,HOURS,97
ᛒᚢᚱᛋᛏ,BURST,187
ᛞᛁᚢᛁᛞᛝ,DIUIDING,322
ᛏᛠᚱᛋ,TEARS,232
ᚪᛋᚢᚾᛞᛖᚱ,ASUNDER,349
ᛋᛚᚪᚢᚷᚻᛏᛖᚱ,SLAUGHTER,403
ᚳᛚᚪᚣ,KLAY,286
ᚠᛚᛖᛉᛁᛒᛚᛖ,FLEXIBLE,421
ᚹᛝᛋ,WINGS,151
ᛏᚱᛖᛗᛒᛚᛝ,TREMBLING,421
ᚻᚢᛗᚪᚾ,HUMAN,223
ᛏᚱᚢᛗᛈᛖᛏ,TRUMPET,313
ᚷᚱᚩᛞᚾᚪ,GRODNA,250
ᛞᛠᚠᛖᚾᛞ,DEAFEND,385
ᛞᛁᛖ,DIE,187
ᛞᛖᚢᚩᚢᚱᛝ,DEUOURING,259
ᚷᚱᚩᚪᚾᛋ,GROANS,214
ᛋᛚᛁᛗᛖ,SLIME,295
ᚪᛝᚢᛁᛋᚻ,AINGUISH,286
ᛒᚱᚪᚾᚳᚻᛝ,BRANKHING,313
ᚷᚱᛠᛏ,GREAT,196
ᛚᚪᛒᚩᚢᚱᛝ,LABOURING,331
ᛚᚪᚳᛖ,LAKE,250
ᚱᚩᚪᚱᛝ,ROARING,205
ᛚᚩᛋ,LOS,133
ᚠᚱᚩᛋᛖᚾ,FROSEN,169
ᛚᚣᛗᛈᚻ,LYMPH,313
ᚹᚪᛏᚳᚻᛖᛋ,WATKHES,331
ᚹᚱᛖᚾᚳᚻᛝ,WRENKHING,241
ᛖᛏᛖᚱᚾᚪᛚ,ETERNAL,403
ᚹᚪᛋᛏᛖ,WASTE,295
ᛗᚪᚾᚾᛖᚱ,MANNER,304
ᚠᚩᛚᛞᛝ,FOLDING,250
ᛖᛝᛚᚩᛒᛞ,EINGLOBD,376
ᚹᚪᛋ,WAS,169
ᚩᚢᛖᚱ,OUER,88
ᛗᚩᛗᛖᚾᛏ,MOMENT,304
ᛗᛖᚱᚳᛁᛚᛖᛋᛋ,MERKILESS,439
ᛒᚩᚩᚳ,BOOK,88
ᚱᚩᚳᚳᛋ,ROKKS,97
ᚹᚻᛖᚱᛖ,WHERE,187
ᚹᛁᛚᛚ,WILL,196
ᚩᚱᛒ,ORB,79
ᚠᛁᛚᛚᛞ,FILLD,268
ᛞᚱᛠᛗᚠᚢᛚ,DREAMFUL,358
ᛞᚱᚪᚹᛝ,DRAWING,295
ᛞᚪᚱᚳᚾᛖᛋᛋ,DARKNESS,412
ᛞᚩᛚᚩᚱᚩᚢᛋ,DOLOROUS,250
ᚩ,O,7
ᛞᚢᛝᛇᚾ,DUINGEON,241
ᚹᛁᚦᛁᚾ,WITHIN,115
ᚱᛁᚠᛏᛖᛞ,RIFTED,259
ᚠᚩᚱᚦ,FORTH,25
ᚠᚩᚱᚷᛁᚢᛖᚾᛖᛋᛋ,FORGIUENESS,340
ᚹᛁᚦᚩᚢᛏ,WITHOUT,124
ᛚᛁᚢᛞ,LIUD,196
ᚪᚱᛗᛋ,ARMS,232
ᚪᛒᚣᛋᛋ,ABYSS,367
ᛋᛖᛖ,SEE,187
ᛁᚾᚳᛚᚩᛋᛞ,INKLOSD,295
ᛏᛖᚾᛏ,TENT,214
ᛋᛏᚪᛏᚢᚱᛖ,STATURE,349
ᛈᛁᛏᚳᚻ,PITKH,169
ᛈᛁᛏ,PIT,133
ᚳᚩᛗᛒᚢᛋᛏᛡᚾ,KOMBUSTIAN,403
ᛈᚩᛁᛋᚩᚾᛋ,POISONS,223
ᛋᚩᚱᚱᚩᚹᛝ,SORROWING,187
ᚾᛖᚳᛖᛋᛋᛁᛏᚣ,NEKESSITY,475
ᚻᚪᛗᛗᛖᚱ,HAMMER,340
ᛋᛈᛁᚾᛖ,SPINE,223
ᚢᚪᛁᚾ,UAIN,160
ᛋᚩᚾᛋ,SONS,142
ᛋᚪᚹ,SAW,169
ᚦᚢᛋ,THUS,61
ᛋᚢᚳᚳᛖᛖᛞᛋ,SUKKEEDS,358
ᚻᛠᚱᛞ,HEARD,232
ᚳᚢᚱᛋᛞ,KURSD,169
ᛈᚱᚢᛞᛖᚾᚳᛖ,PRUDENKE,322
ᚻᛠᚢᛝ,HEAUING,214
ᚳᚩᚾᚠᛁᚾᛖ,KONFINE,178
ᛋᚻᚩᛏ,SHOT,142
ᛋᛁᚳᚳᛖᚾᛞ,SIKKEND,295
ᛄᛠᛚᚩᚢᛋᚣ,JEALOUSY,385
ᚢᚪᛞᚱᚪᚾᛏ,UADRANT,385
ᚣᚩᚢᚱ,YOUR,124
ᚾᚪᛗᛞ,NAMD,286
ᚳᚪᛚᛚᛖᛞ,KALLED,412
ᛋᚻᚱᛁᚾᚳ,SHRINK,160
ᚢᛁᛋᚪᚷᛖ,UISAGE,268
ᚪ,A,97
ᚳᚩᛗᛈᚪᛋᛋᛖᛋ,KOMPASSES,457
ᚾᛖᚹ,NEW,115
ᛈᛠᚳᛖ,PEAKE,232
ᛈᛚᚪᚾᛏᛖᛞ,PLANTED,457
ᛈᛖᚱᚢᛖᚱᛋᛖ,PERUERSE,322
ᛋᛖᚳᚱᛖᛋᚣ,SEKRESY,367
ᛋᛖᚾᛋᛖᛋ,SENSES,322
ᚢᚾᛒᛠᚱᚪᛒᛚᛖ,UNBEARABLE,511
ᛁᚾᚻᚪᛒᛁᛏ,INHABIT,331
ᚾᚩᚱᚦ,NORTH,52
ᚻᚩᚪᚱᚣ,HOARY,241
ᚦᚱᚩᛒᛒᛝᛋ,THROBBINGS,277
ᚻᚩᚱᚱᚩᚱ,HORROR,70
ᛋᛏᚪᛗᛈᛞ,STAMPD,412
ᚱᛖᛗᚪᛁᚾᛝ,REMAINING,385
ᛋᛏᚱᚢᚷᛚᛝ,STRUGLING,295
ᚱᛖᛋᛁᛋᛏᛚᛖᛋᛋ,RESISTLESS,520
ᛈᛖᚾᛞᚢᛚᚩᚢᛋ,PENDULOUS,367
ᚢᛁᛋᛡᚾ,UISIAN,223
ᛈᛖᚱᛏᚢᚱᛒᚪᛏᛡᚾ,PERTURBATIAN,547
ᚻᛠᚢᛞ,HEAUD,224
ᚢᚾᛞᛁᚢᛁᛞᛖᛞ,UNDIUIDED,431
ᛖᚾᛞᛖᛞ,ENDED,341
ᛋᚻᚩᚱᛖ,SHORE,161
ᛖᚾᚱᚪᚷᛖᛞ,ENRAGED,377
ᛖᚾᛞᛚᛖᛋᛋ,ENDLESS,431
ᚠᚩᚱᚷᛝ,FORGING,116
ᛚᚪᚹᛋ,LAWS,242
ᛖᛉᚳᛖᛈᛏ,EXKEPT,296
ᚠᚱᛁᚷᚻᛏ,FRIGHT,143
ᚠᚱᛁᚷᚻᛏᚾᛝ,FRIGHTNING,251
ᚱᚩᚳᚳ,ROKK,44
ᚹᚩᚱᛗᛋ,WORMS,161
ᛖᚢᛖᚱᚣ,EUERY,251
ᛚᚪᛒᚩᚢᚱᛋ,LABOURS,305
ᚾᛁᛏᚱᛖ,NITRE,197
ᛋᚻᚪᛞᚩᚹᛋ,SHADOWS,341
ᚳᚻᚪᛝᛖᛋ,KHAINGES,332
ᚦᚪᛏ,THAT,161
ᛈᛖᚱᛈᛚᛖᛉᛞ,PERPLEXD,440
ᚦᚱᛟᛋ,THROES,152
ᚻᛠᚱ,HEAR,143
ᛗᛠᛋᚢᚱᛖ,MEASURE,314
ᛗᛁᛚᚳ,MILK,188
ᛋᚢᚾᚳ,SUNK,98
ᛗᚪᛋᛋᚣ,MASSY,377
ᛗᚪᚾᛋᛡᚾ,MANSIAN,386
ᚷᛚᚪᛋᛋᛖᛋ,GLASSES,413
ᛗᚪᚾ,MAN,197
ᛚᛖᛝᚦ,LEINGTH,224
ᚳᚾᚩᛏᛏᛖᛞ,KNOTTED,323
ᚷᛚᚩᛒᛖᛋ,GLOBES,278
ᛗᚩᚾᛋᛏᛖᚱᛋ,MONSTERS,350
ᛋᚩᚱᚱᚩᚹᛋ,SORROWS,161
ᚪᚠᚱᛁᚳᚪ,AFRIKA,251
ᛚᚩ,LO,80
ᚦᚱᚩᚪᛏ,THROAT,179
ᚹᚩᚢᛖᚾ,WOUEN,125
ᚱᚢᛋᚻᛞ,RUSHD,179
ᛋᚩᛒᛒᛝᛋ,SOBBINGS,314
ᚷᛚᚩᚩᛗᚣ,GLOOMY,278
ᚳᚩᛗᛗᚪᚾᛞ,KOMMAND,377
ᛋᛖᛏᛏᛚᛖᛞ,SETTLED,467
ᚢᚾᚠᚪᚦᚩᛗᚪᛒᛚᛖ,UNFATHOMABLE,512
ᚹᚩᚱᛞᛋ,WORDS,179
ᛚᛁᚳᛖᚾᛖᛋᛋ,LIKENESS,386
ᚹᚩᚩᚠ,WOOF,35
ᚠᚩᚩᛏᛋᛏᛖᛈᛋ,FOOTSTEPS,350
ᚠᚪᚳᛖ,FAKE,179
ᛒᛚᚪᛋᛖᛋ,BLASES,404
ᚾᛖᚦᛖᚱ,NETHER,179
ᚻᛖᚱᛒᛋ,HERBS,215
ᛞᛖᛚᛁᚷᚻᛏ,DELIGHT,359
ᚻᚪᚱᛞᛖᚾᛝ,HARDENING,395
ᚠᛚᚪᛗᛞ,FLAMD,332
ᚹᛖᛈᛏ,WEPT,188
ᚢᚩᛁᛞᚾᛖᛋᛋ,UOIDNESS,332
ᚹᛖᛁᚷᚻᛏᛋ,WEIGHTS,269
ᛁᚾᚳᛖᛋᛋᚪᚾᛏ,INKESSANT,431
ᚠᚢᚱᛡᚢᛋ,FURIAUS,179
ᛁᛏᛋ,ITS,143
ᚱᛖᛗᚪᛁᚾᛞ,REMAIND,395
ᛋᛏᚩᚾᚣ,STONY,251
ᛋᛏᚩᚩᛞ,STOOD,215
ᚹᛁᛞᛖ,WIDE,206
ᚻᚪᛝᛝ,HAINGING,278
ᛞᛖᛋᚩᛚᚪᛏᛖ,DESOLATE,512
ᛏᚹᛁᛋᛏᛖᛞ,TWISTED,377
ᚳᚪᛏᛏᛚᛖ,KATTLE,368
ᛋᛏᚱᚢᚳᚳ,STRUKK,152
ᚱᛖᛈᛖᛚᛚᛝ,REPELLING,413
ᛋᛖᛏ,SET,179
ᚪᚾᛞ,AND,215
ᛋᛖᛈᚪᚱᚪᛏᛖ,SEPARATE,494
ᛋᛖᚳᚱᛖᛏᛋ,SEKRETS,323
ᛠᚱᚦ,EARTH,125
ᛋᛠᛋ,SEAS,215
ᚩᛈᚱᛖᛋᛋᛞ,OPRESSD,323
ᚠᛖᛚᛚ,FELL,215
ᛋᛖᚢᛖᚾᚦ,SEUENTH,224
ᛞᛠᛞ,DEAD,287
ᚻᚩᛏ,HOT,89
ᛏᚩᚷᛖᚦᛖᚱ,TOGETHER,233
ᚳᛚᛠᚱ,KLEAR,206
ᛏᚩᛗᛒᛋ,TOMBS,251
ᛏᚩᛝᚢᛖ,TOINGUE,215
ᚻᚪᚦ,HATH,125
ᛏᚩᚱᚱᛖᚾᛏᛋ,TORRENTS,296
ᛋᛈᚱᛠᛞ,SPREAD,305
ᚻᚪᛁᛚ,HAIL,224
ᚷᚪᛚᛚ,GALL,260
ᚱᛁᚢᛖᛏᛋ,RIUETS,224
ᚠᛖᛗᚪᛚᛖ,FEMALE,377
ᛒᚱᛖᚦᚱᛖᚾ,BRETHREN,251
ᚦᛁᛋ,THIS,89
ᚻᛁᛞ,HID,143
ᛄᚪᚹᛋ,JAWS,206
ᚪᚱᛗ,ARM,179
ᚳᚱᚪᛋᚻ,KRASH,197
ᚳᚢᚱᛏᚪᛁᚾᛋ,KURTAINS,296
ᛒᛖᚠᚩᚱᛖ,BEFORE,215
ᚦᛖᛗ,THEM,143
ᛋᚻᛖ,SHE,143
ᛈᚩᚢᚱᛝ,POURING,143
ᛋᚻᛁᚾᛝ,SHINING,215
ᚦᛁᚳᚳ,THIKK,62
ᚩᛒᛋᚳᚢᚱᛖ,OBSKURE,215
ᚱᚪᚳᛖ,RAKE,188
ᚳᚪᚢᛖᛋ,KAUES,233
ᛋᚾᚩᚹᛋ,SNOWS,161
ᚳᛚᚩᚢᛞᛖᛞ,KLOUDED,341
ᛚᚪᛗᛖᚾᛏᛋ,LAMENTS,449
ᛒᚩᛞᚣ,BODY,260
ᚻᛁᛗ,HIM,125
ᚻᛁᛋ,HIS,107
ᚩᛞᚩᚢᚱᛋ,ODOURS,170
ᛞᛖᚠᚩᚱᛗᛁᛏᚣ,DEFORMITY,440
ᚩᚾ,ON,36
ᛞᛁᚱᛖ,DIRE,198
ᚦᚢᚾᛞᚱᛝ,THUNDRING,216
ᚩᛉ,OX,54
ᚪᛋᛏᚩᚾᛁᛋᚻᛞ,ASTONISHD,441
ᚷᛚᚩᛒᛖ,GLOBE,225
ᛁᚾᚳᚻᚪᛁᚾᛞ,INKHAIND,342
ᛞᚩᚹᚾ,DOWN,144
ᚠᚩᚱᛖᛋᛏᛋ,FORESTS,252
ᛈᚱᛁᛗᛖᚢᚪᛚ,PRIMEUAL,396
ᛈᚩᚢᚱᛞ,POURD,153
ᛞᚪᚣᛋ,DAYS,342
ᛞᛠᚦᚣ,DEATHY,306
ᛁᚾᛏᚩ,INTO,126
ᛞᛁᛋᛗᚪᛚ,DISMAL,414
ᚢᛏᛏᛖᚱᛞ,UTTERD,288
ᚠᚩᚱᛋᚪᚳᛖᚾ,FORSAKEN,279
ᚷᛁᚱᛞᛚᛖ,GIRDLE,288
ᚪᚾ,AN,126
ᛁᚾᚠᛁᚾᛁᛏᛖ,INFINITE,279
ᚾᛖᚱᚢᛖᛚᛖᛋᛋ,NERUELESS,423
ᛞᛖᚳᚪᚣ,DEKAY,369
ᛁᛏ,IT,90
ᚪᛏᛏᚱᚪᚳᛏᛡᚾ,ATTRAKTIAN,531
ᚪᛒᚩᛗᛁᚾᚪᛒᛚᛖ,ABOMINABLE,594
ᚦᚱᚩᚢᚷᚻᚩᚢᛏ,THROUGHOUT,135
ᚩᚱ,OR,18
ᛈᚱᚩᛈᚻᛖᛏᛁᚳ,PROPHETIK,297
ᚪᚾᚩᚦᛖᚱ,ANOTHER,216
ᛋᛖᛖᚾ,SEEN,216
ᛚᚪᛒᚩᚢᚱ,LABOUR,252
ᚹᛁᛋᛞᚩᛗ,WISDOM,270
ᚻᛁᛈᚩᚳᚱᛁᛋᚣ,HIPOKRISY,315
ᛋᛈᚱᚢᛝ,SPRUING,189
ᛒᚪᛚᚪᚾᚳᛞ,BALANKD,459
ᚱᛁᛋᛖ,RISE,162
ᛋᛁᛚᛖᚾᚳᛖ,SILENKE,333
ᚹᛁᚾᛏᚱᚣ,WINTRY,252
ᛒᚩᛋᚩᛗᛋ,BOSOMS,252
ᛒᛁᚱᚦ,BIRTH,108
ᚠᛁᛒᚱᛖᛋ,FIBRES,225
ᛋᚾᚩᚹ,SNOW,108
ᛒᛖᚾᛏ,BENT,216
ᛒᛖᛏᚹᛖᛖᚾ,BETWEEN,369
ᛋᚻᚱᛁᛖᚳ,SHRIEK,198
ᚱᚩᛚᛚᛝ,ROLLING,243
ᚳᚻᚪᛝᛖ,KHAINGE,279
ᚻᛖ,HE,90
ᚪᚳᚱᚩᛋᛋ,AKROSS,234
ᛒᚩᚱᚾ,BORN,108
ᚠᛚᚢᛁᛞ,FLUID,198
ᚻᚩᚢᛋᛖ,HOUSE,153
ᛋᛗᛁᛏᛏᛖᚾ,SMITTEN,369
ᛋᛖᚳᚱᛖᛏ,SEKRET,270
ᛋᛠ,SEA,162
ᚱᛖᛈᛖᛚᛚᛞ,REPELLD,423
ᚹᛠᚢᛖ,WEAUE,198
ᛏᚩᚱᛗᛖᚾᛏᛖᛞ,TORMENTED,459
ᛒᚩᚢᚾᛞ,BOUND,189
ᚦᛖ,THE,72
ᛏᚩᛝᛋ,TOINGS,198
ᚱᛖᛈᛏᛁᛚᛖ,REPTILE,351
ᛏᛁᚷᚻᛏᚾᛝ,TIGHTNING,297
ᚱᛖᚢᚩᛚᚢᛝ,REUOLUING,243
ᚹᛖᛁᚷᚻᛏ,WEIGHT,216
ᛋᛏᚪᚳᛖᛋ,STAKES,342
ᚱᛖᚠᚢᛋᛞ,REFUSD,225
ᛏᚩᛈᛋ,TOPS,162
ᛒᛚᛖᛋᛋᛞ,BLESSD,396
ᚹᚻᛁᚱᛚᚹᛁᚾᛞᛋ,WHIRLWINDS,378
ᚹᚻᚪᛏ,WHAT,198
ᛗᚪᚱᚱᚩᚹ,MARROW,216
ᚪᛚᛚ,ALL,243
ᚢᚾᛁᛏᚣ,UNITY,225
ᚹᚪᚢᛝ,WAUING,198
ᛗᚪᛞᚾᛖᛋᛋ,MADNESS,459
ᛗᛁᛋᚳᚻᛖᚢᚩᚢᛋ,MISKHEUOUS,324
ᚠᚩᛚᛚᚩᚹᛞ,FOLLOWD,270
ᛋᚢᛚᛈᚻᚢᚱᛇᚢᛋ,SULPHUREOUS,306
ᚢᚾᛈᚱᚩᛚᛁᚠᛁᚳ,UNPROLIFIK,243
ᛚᚩᚩᚳᛞ,LOOKD,189
ᛈᛚᚢᛗᛗᛖᛏ,PLUMMET,387
ᚾᚩᛁᛋᚩᛗ,NOISOM,198
ᚹᚩᚱᛚᛞᛋ,WORLDS,252
ᚩᚦᛖᚱ,OTHER,90
ᛚᚪᚹ,LAW,189
ᚹᚩᚱᛗ,WORM,108
ᚠᚩᚱᛗᛞ,FORMD,180
ᛋᚩᚢᚷᚻᛏ,SOUGHT,162
ᚹᚪᚾᛞᚱᛝ,WANDRING,324
ᚾᚩ,NO,36
ᚩᚠ,OF,9
ᛋᚻᚪᛞᚩᚹ,SHADOW,288
ᚠᚱᚪᛗᛞ,FRAMD,270
ᚳᚻᚪᛝᛠᛒᛚᛖ,KHAINGEABLE,522
ᛖᚾᛞᚢᚱᛞ,ENDURD,288
ᚹᚪᛏᛖᚱᛋ,WATERS,306
ᛖᛉᛈᛚᚩᚱᛖ,EXPLORE,315
ᛋᚪᛁᛞ,SAID,270
ᚪᚳᛏᛁᚢᛁᛏᚣ,AKTIUITY,396
ᚱᚩᚩᚠ,ROOF,27
ᚪᚷᛖᛋ,AGES,234
ᛋᚩᛗᛖ,SOME,198
ᛖᛞᛞᛁᛖᛋ,EDDIES,396
ᚪᚷᛖᛞ,AGED,270
ᚠᚪᛚᛚᛝ,FALLING,324
ᚠᚪᛋᛏᛖᚾᛞ,FASTEND,396
ᛋᚩᚱᚱᚩᚹ,SORROW,108
ᚠᚩᚱᛗᛋ,FORMS,144
ᚩᛒᛚᛁᛏᛖᚱᚪᛏᛖᛞ,OBLITERATED,621
